Old,New,productname,nutriscoregrade,energy100g,saturatedfat100g,sugars100g,fiber100g,proteins100g,sodium100g,nutrition-score-fr_100g,new_scores,new_nutri_grades,utility_1,utility_2,utility_3,utility_4,utility_5,utility_6
1655,0,Pomme Pruneau,b,515.0,0.1,29.0,,0.1,0.04,2.0,11.580247,c,2.908642,4.5975309,0.0,0.0,0.0,4.0740741
4228,1,Beurre de baratte - Doux,e,3033.0,53.0,0.6,0.0,0.7,0.016,19.0,5.9728395,d,0.0,0.0,1.8987654,0.0,0.0,4.0740741
3369,2,Eau Finement Petillante,a,0.0,0.0,0.0,,0.0,0.2,2.0,14.848148,b,4.782716,4.5975309,2.762963,0.0,0.0,2.7049383
730,3,Creme de marrons vanillee,d,1046.0,0.1,51.0,,1.1,0.004,13.0,14.114815,b,2.2580247,4.5975309,0.0,0.0,3.1851852,4.0740741
1983,4,Sans sucres ajoutes * *Contient des sucres naturellement presents,a,264.0,0.2,11.0,2.0,0.0,0.0,-5.0,13.712346,b,2.908642,4.1703704,0.74320988,1.8160494,0.0,4.0740741
2660,5,Miel Ballz,c,1607.0,0.1,25.0,1.5,6.2,0.208,10.0,16.285185,b,1.5975309,4.5975309,0.0,1.8160494,5.5691358,2.7049383
683,6,Salade Italienne,a,629.0,0.6,3.1,2.2,6.2,0.256,-2.0,18.630864,a,2.908642,3.7333333,1.8987654,1.8160494,5.5691358,2.7049383
3121,7,Carottes Rapees,b,377.0,0.6,6.3,2.4,0.6,0.24,0.0,12.614815,c,2.908642,3.7333333,1.4518519,1.8160494,0.0,2.7049383
911,8,Merguez de volaille,d,844.0,5.1,1.0,,15.0,0.72,14.0,13.323457,b,2.8358025,1.3345679,1.8987654,0.0,6.0160494,1.2382716
2090,9,Assortiment de chacuteries seche,e,1038.0,6.2,0.7,,27.0,1.8,19.0,12.303704,c,2.2580247,1.3345679,1.8987654,0.0,6.8123457,0.0
351,10,Filets de Maquereaux a  la moutarde ancienne,c,967.0,3.1,3.1,,14.0,0.48,5.0,14.561728,b,2.8358025,1.9950617,1.8987654,0.0,6.0160494,1.8160494
5467,11,Pain aux Fibres tranche ,b,1052.0,0.3,9.7,6.9,8.1,0.508,0.0,16.975309,b,2.2580247,4.1703704,0.74320988,1.9716049,6.0160494,1.8160494
2621,12,Jus de pommes & poire,b,197.0,0.5,11.0,,0.5,0.004,2.0,11.459259,c,2.908642,3.7333333,0.74320988,0.0,0.0,4.0740741
3879,13,Fromage a  tartiner Ail & fines herbes,d,1014.0,16.0,3.0,,5.5,0.48,15.0,13.323457,b,2.8358025,1.3345679,1.8987654,0.0,5.4382716,1.8160494
953,14,Pain de mie  Grandes Tranches,b,1158.0,0.6,7.2,3.0,8.0,0.44,1.0,16.430864,b,1.5975309,3.7333333,1.4518519,1.8160494,6.0160494,1.8160494
5439,15,Camembert d'Isigny (22 % MG),d,1183.0,15.0,0.5,0.0,21.2,0.69088,15.0,13.308642,b,1.5975309,1.3345679,2.3259259,0.0,6.8123457,1.2382716
1973,16,Salade De Thon Mayonnaise 200g,c,1540.0,3.0,2.0,1.0,12.0,0.52,10.0,15.139506,b,1.5975309,1.9950617,1.8987654,1.8160494,6.0160494,1.8160494
2504,17,Amandes cacaotees,e,2291.0,15.0,37.0,6.5,12.0,0.044,19.0,13.396296,b,0.0,1.3345679,0.0,1.9716049,6.0160494,4.0740741
2959,18,Compotes pomme/pomme poire,a,326.0,0.0,17.0,1.3,0.0,0.0,-3.0,14.139506,b,2.908642,4.5975309,0.74320988,1.8160494,0.0,4.0740741
1814,19,Saucisse seche pur porc qualite superieure,e,1811.0,14.0,2.7,,25.0,1.6,25.0,10.598765,c,0.55308642,1.3345679,1.8987654,0.0,6.8123457,0.0
1745,20,Huile vegetaleSpeciale Friture,c,3404.0,8.8,0.0,0.0,0.0,0.0,10.0,8.1716049,d,0.0,1.3345679,2.762963,0.0,0.0,4.0740741
4552,21,galette des rois,e,1849.0,17.0,11.0,1.7,7.3,0.304,19.0,10.497531,c,0.55308642,0.0,0.74320988,1.8160494,5.5691358,1.8160494
1732,22,Fiestabul Jus de pomme petillant,e,223.0,0.5,10.0,,0.5,0.0004,15.0,11.459259,c,2.908642,3.7333333,0.74320988,0.0,0.0,4.0740741
991,23,Terrine de campagne  Au poivre vert,e,1243.0,9.5,0.8,0.0,12.0,0.72,19.0,12.085185,c,1.5975309,1.3345679,1.8987654,0.0,6.0160494,1.2382716
5466,24,Riz long grain incollable,a,1458.0,0.4,0.4,1.9,6.7,0.0,-1.0,19.553086,a,1.5975309,4.1703704,2.3259259,1.8160494,5.5691358,4.0740741
1207,25,Bul'z saveur orange,e,142.0,0.0,8.3,0.0,0.0,0.0,11.0,12.323457,c,2.908642,4.5975309,0.74320988,0.0,0.0,4.0740741
3685,26,epinards,a,99.0,0.0,0.0,3.2,3.5,0.188,-8.0,19.78642,a,3.2,4.5975309,2.762963,1.8160494,4.7049383,2.7049383
2807,27,Bulot de la baie de granville cuits,a,410.0,0.0,0.0,,21.0,0.36,-1.0,18.679012,a,2.908642,4.5975309,2.762963,0.0,6.5938272,1.8160494
4336,28,Cola classic,e,159.0,0.0,9.3,0.0,0.0,0.012,13.0,12.323457,c,2.908642,4.5975309,0.74320988,0.0,0.0,4.0740741
4271,29,Galets dores - Parfume au the Earl Grey,d,1988.0,7.1,31.0,3.6,5.9,0.3556,18.0,10.482716,c,0.0,1.3345679,0.0,1.8938272,5.4382716,1.8160494
1914,30,Ble Delicat,a,1464.0,0.5,0.6,10.0,14.0,0.0,-6.0,20.0,a,1.5975309,3.7333333,1.8987654,2.6802469,6.0160494,4.0740741
5235,31,Les Palets Bretons,e,2167.0,18.0,25.0,1.5,6.0,0.24,22.0,9.9592593,c,0.0,0.0,0.0,1.8160494,5.4382716,2.7049383
2424,32,Salade au thon Catalane,a,494.0,0.5,3.6,2.4,7.7,0.308,-2.0,17.741975,a,2.908642,3.7333333,1.4518519,1.8160494,6.0160494,1.8160494
4381,33,Melange Forestier,a,1174.0,0.3,10.0,44.0,20.0,0.012,-10.0,19.859259,a,1.5975309,4.1703704,0.74320988,2.6802469,6.5938272,4.0740741
5556,34,Champignons de Paris entiers (lot de 3 x 200 g) Carrefour,b,105.0,0.0,2.3,,1.9,0.280416,2.0,16.217284,b,3.2,4.5975309,1.8987654,0.0,4.7049383,1.8160494
956,35,Confiture Fraise,d,1021.0,0.0,59.0,1.1,0.0,0.0,11.0,13.323457,b,2.8358025,4.5975309,0.0,1.8160494,0.0,4.0740741
5283,36,Sucre Brut de Canne en Morceaux,d,1683.0,0.0,99.0,0.0,0.0,0.0,15.0,9.4049383,c,0.73333333,4.5975309,0.0,0.0,0.0,4.0740741
4440,37,"Pommes de terre de consommation, special frites",a,322.0,0.0,0.8,,2.0,0.04,-6.0,18.183951,a,2.908642,4.5975309,1.8987654,0.0,4.7049383,4.0740741
5220,38,Craªpes Dentelle Chocolat Noir,e,2133.0,12.0,42.0,3.8,5.5,0.24,23.0,11.371605,c,0.0,1.3345679,0.0,1.8938272,5.4382716,2.7049383
4222,39,ERREUR_IMAGES_ERRONEES,e,2151.0,20.0,43.0,8.6,4.9,0.0,20.0,11.459259,c,0.0,0.0,0.0,2.6802469,4.7049383,4.0740741
2976,40,Tarte legumes chevre,c,954.0,5.6,1.6,1.1,6.9,0.192,4.0,16.159259,b,2.8358025,1.3345679,1.8987654,1.8160494,5.5691358,2.7049383
321,41,Pommes de terre Vapeur-Raclette Gratin-Rissolees Carrefour,a,339.0,0.02,0.2,,1.9,0.0,-5.0,18.611111,a,2.908642,4.5975309,2.3259259,0.0,4.7049383,4.0740741
5172,42,Ktipiti a  la grecque,c,619.0,4.5,3.3,2.5,5.5,0.64,10.0,14.425926,b,2.908642,1.3345679,1.4518519,1.8160494,5.4382716,1.4765432
1219,43,Bolognaise,b,387.0,1.6,5.8,2.1,5.2,0.384,2.0,15.619753,b,2.908642,2.9222222,1.4518519,1.8160494,4.7049383,1.8160494
2540,44,Donuts,b,586.0,0.8,5.2,1.1,3.3,0.092,0.0,17.106173,a,2.908642,3.5197531,1.4518519,1.8160494,4.7049383,2.7049383
4025,45,Confiture au Lait de Normandie,d,1217.0,4.0,53.0,,5.3,0.0,16.0,11.711111,c,1.5975309,1.3345679,0.0,0.0,4.7049383,4.0740741
5241,46,Ballotine de Caille au Foie de Canard,d,996.0,9.1,1.3,0.0,17.0,0.72,18.0,13.323457,b,2.8358025,1.3345679,1.8987654,0.0,6.0160494,1.2382716
4224,47,Sauce Samourai,d,2088.0,4.2,4.6,,1.0,0.72,18.0,7.2098765,d,0.0,1.3345679,1.4518519,0.0,3.1851852,1.2382716
789,48,Gelee Fraise,d,1021.0,0.0,59.0,1.2,0.0,0.0,12.0,13.323457,b,2.8358025,4.5975309,0.0,1.8160494,0.0,4.0740741
4364,49,Eau des Alpes,b,0.0,0.0,0.0,,0.0,0.0,0.0,16.217284,b,4.782716,4.5975309,2.762963,0.0,0.0,4.0740741
98,50,oufs de poules Elevees en plein air,a,594.0,2.6,0.8,0.0,12.6,0.12,-1.0,15.523457,b,2.908642,1.9950617,1.8987654,0.0,6.0160494,2.7049383
1876,51,Pane de volaille faa§on milanaise  spaghetti a  la sauce tomate,a,504.0,0.5,1.3,1.9,7.8,0.248,-2.0,19.077778,a,2.908642,3.7333333,1.8987654,1.8160494,6.0160494,2.7049383
3415,52,Haricots verts tres fins,a,101.0,0.2,0.6,2.7,1.6,0.256,-5.0,18.495062,a,3.2,4.1703704,1.8987654,1.8160494,4.7049383,2.7049383
1421,53,Taboule oriental Pointe de menthe,b,714.0,0.6,3.8,3.0,3.9,0.372,1.0,16.358025,b,2.8358025,3.7333333,1.4518519,1.8160494,4.7049383,1.8160494
1893,54,Jus de fruits,c,188.0,0.0,9.6,,0.1,0.0,4.0,12.323457,c,2.908642,4.5975309,0.74320988,0.0,0.0,4.0740741
4834,55,Veloute Surgele Aux 5 Legumes,b,176.0,1.8,0.5,0.8,0.6,0.16,2.0,12.619753,c,2.908642,2.8641975,2.3259259,1.8160494,0.0,2.7049383
3465,56,Bresaola,d,678.0,1.7,0.5,0.0,31.0,1.6,13.0,14.896296,b,2.8358025,2.9222222,2.3259259,0.0,6.8123457,0.0
4380,57,Pate en croa»te poulet aux morilles,d,1247.0,8.1,1.4,,12.0,0.68,18.0,12.323457,c,1.5975309,1.3345679,1.8987654,0.0,6.0160494,1.4765432
4000,58,Coeurs de palmiers Tendres,b,107.0,0.001,1.1,2.4,2.6,0.34,0.0,17.741975,a,2.908642,4.5975309,1.8987654,1.8160494,4.7049383,1.8160494
3947,59,Ravioli pur boeuf,b,441.0,0.9,2.5,1.9,4.0,0.244,0.0,17.553086,a,2.908642,3.5197531,1.8987654,1.8160494,4.7049383,2.7049383
5426,60,Mon cake gourmand Chocolat fourrage au chocolat,d,1783.0,9.7,34.0,3.0,5.4,0.08,18.0,11.11358,c,0.55308642,1.3345679,0.0,1.8160494,4.7049383,2.7049383
1150,61,Pizza Margherita,d,1096.0,4.8,1.5,2.6,10.0,0.64,12.0,14.139506,b,1.5975309,1.3345679,1.8987654,1.8160494,6.0160494,1.4765432
1749,62,Eminces d'aiguillettes de poulet cuites,b,524.0,0.4,0.0,0.0,25.0,0.52,1.0,18.47037,a,2.908642,4.1703704,2.762963,0.0,6.8123457,1.8160494
2112,63,Viande des Grisons,d,806.0,1.1,1.0,0.0,40.0,1.16,13.0,15.066667,b,2.8358025,3.5197531,1.8987654,0.0,6.8123457,1e-12
2994,64,Boudins noirs a  l'ancienne,d,1027.0,7.7,2.1,1.3,11.0,0.6,15.0,14.8,b,2.2580247,1.3345679,1.8987654,1.8160494,6.0160494,1.4765432
5019,65,Carrefour Pain au chocolat classique,e,1757.0,9.6,12.0,,0.0,0.44,20.0,4.4469136,e,0.55308642,1.3345679,0.74320988,0.0,0.0,1.8160494
5213,66,Les Carres Gourmands eclats de Biscuits Sables,e,2272.0,20.0,49.0,1.2,6.7,0.112,26.0,10.090123,c,-8.8817842e-16,0.0,0.0,1.8160494,5.5691358,2.7049383
162,67,Yaourt fruits rouges avec morceaux,c,393.0,1.8,14.0,,3.3,0.04,3.0,15.295062,b,2.908642,2.8641975,0.74320988,0.0,4.7049383,4.0740741
3295,68,Saumon fume de Norvege,d,757.0,1.7,0.9,0.0,22.0,1.2,13.0,14.469136,b,2.8358025,2.9222222,1.8987654,0.0,6.8123457,1e-12
829,69,Brownie chocolat noisettes,d,1898.0,4.2,33.0,1.7,5.1,0.204,17.0,11.11358,c,0.55308642,1.3345679,0.0,1.8160494,4.7049383,2.7049383
1654,70,Cordons bleus,c,895.0,3.0,2.1,1.4,13.0,0.56,4.0,16.038272,b,2.8358025,1.9950617,1.8987654,1.8160494,6.0160494,1.4765432
3167,71,Dos de cabillaud fume,c,289.0,0.3,0.1,,17.3,1.0,5.0,15.420988,b,2.908642,4.1703704,2.3259259,0.0,6.0160494,1e-12
658,72,Terrine de foie de volaille,d,1121.0,7.3,0.0,,16.0,0.48,15.0,13.52716,b,1.5975309,1.3345679,2.762963,0.0,6.0160494,1.8160494
1965,73,Cola,d,1372.0,0.2,51.0,,5.8,0.008,14.0,15.280247,b,1.5975309,4.1703704,0.0,0.0,5.4382716,4.0740741
1262,74,Terrine de campagne,e,1385.0,11.0,0.9,,15.0,0.6,20.0,12.323457,c,1.5975309,1.3345679,1.8987654,0.0,6.0160494,1.4765432
261,75,Chocolat noir,e,2121.0,18.0,49.0,,5.7,0.0,26.0,9.5123457,c,0.0,0.0,0.0,0.0,5.4382716,4.0740741
2846,76,Jus orange Orange du bresil,e,163.0,0.0,8.7,0.0,0.0,0.0,12.0,12.323457,c,2.908642,4.5975309,0.74320988,0.0,0.0,4.0740741
3527,77,Sauce aioli,d,1652.0,3.4,1.4,0.5,1.1,0.6,13.0,9.2888889,c,0.73333333,1.9950617,1.8987654,-1e-12,3.1851852,1.4765432
5322,78,Sun Crack's Miel,d,1601.0,0.2,32.0,2.6,5.0,0.4064,13.0,14.104938,b,1.5975309,4.1703704,0.0,1.8160494,4.7049383,1.8160494
826,79,Sardine,c,828.0,3.1,0.0,0.0,24.0,0.32,3.0,16.222222,b,2.8358025,1.9950617,2.762963,0.0,6.8123457,1.8160494
3227,80,Papillotes  saveur praline,e,2263.0,17.0,49.0,4.5,7.0,0.024,22.0,11.537037,c,0.0,0.0,0.0,1.8938272,5.5691358,4.0740741
2254,81,Yaourt aux 5 graines et au miel,b,397.0,1.8,12.0,,3.7,0.04,2.0,15.295062,b,2.908642,2.8641975,0.74320988,0.0,4.7049383,4.0740741
3967,82,Rollmops,d,652.0,2.6,2.3,,11.0,0.92,13.0,12.745679,c,2.8358025,1.9950617,1.8987654,0.0,6.0160494,1e-12
1456,83,Copos de cereales chocolateados,d,1632.0,1.4,29.0,,9.5,0.092,12.0,13.240741,b,1.5975309,2.9222222,0.0,0.0,6.0160494,2.7049383
2909,84,Pain de campagne,c,1025.0,0.1,0.7,,7.2,0.548,5.0,15.8,b,2.2580247,4.5975309,1.8987654,0.0,5.5691358,1.4765432
4094,85,Ba»chettes glacees vanille framboise,c,611.0,2.2,24.0,,0.8,0.032,8.0,9.8469136,c,2.908642,2.8641975,0.0,0.0,0.0,4.0740741
5590,86,Saumon fume d'Ecosse,d,765.0,3.0,0.4,0.0,22.6,1.3208,14.0,13.969136,b,2.8358025,1.9950617,2.3259259,0.0,6.8123457,0.0
1665,87,Nouilles asiatiques au poulet,b,435.0,0.4,4.3,,6.0,0.32,1.0,15.785185,b,2.908642,4.1703704,1.4518519,0.0,5.4382716,1.8160494
3446,88,Pommes de terre,a,259.0,0.0,0.6,1.6,1.4,0.22,-4.0,18.630864,a,2.908642,4.5975309,1.8987654,1.8160494,4.7049383,2.7049383
2532,89,"Classique La Parisienne Jambon, Emmental & Crudites",b,548.0,3.3,1.9,2.2,7.5,0.28,1.0,16.450617,b,2.908642,1.9950617,1.8987654,1.8160494,6.0160494,1.8160494
5455,90,Tranchettes de Comte,d,1784.0,23.0,0.5,1.2,27.0,0.36,12.0,13.323457,b,0.55308642,0.0,2.3259259,1.8160494,6.8123457,1.8160494
3486,91,Reblochon De Savoie Au Lait Cru AOC,d,1251.0,20.0,0.0,0.0,18.0,0.568,14.0,11.853086,c,1.5975309,0.0,2.762963,0.0,6.0160494,1.4765432
3181,92,Coulis de tomates de Provence,a,184.0,0.0,6.9,2.1,1.8,0.116,-6.0,18.183951,a,2.908642,4.5975309,1.4518519,1.8160494,4.7049383,2.7049383
3009,93,Rillettes de thon a  la tomate,b,678.0,1.1,2.7,,15.0,0.4,2.0,16.08642,b,2.8358025,3.5197531,1.8987654,0.0,6.0160494,1.8160494
4657,94,"Assortiments chipo, merguez, chipo aux herbes",e,1125.0,9.3,1.2,,14.0,0.68,19.0,12.323457,c,1.5975309,1.3345679,1.8987654,0.0,6.0160494,1.4765432
5156,95,Filets de Sardines au Naturel,c,764.0,3.5,0.0,0.0,21.0,0.4064,4.0,16.003704,b,2.8358025,1.9950617,2.762963,0.0,6.5938272,1.8160494
2364,96,Gouda au cumin,d,1569.0,21.0,0.5,,23.7,0.76,17.0,10.735802,c,1.5975309,0.0,2.3259259,0.0,6.8123457,0.0
2283,97,langues de chat,d,1790.0,4.55,43.6,4.55,4.55,0.255,16.0,11.191358,c,0.55308642,1.3345679,0.0,1.8938272,4.7049383,2.7049383
4441,98,Gache tranchee,e,1611.0,11.6,16.2,,8.9,0.372,21.0,11.507407,c,1.5975309,1.3345679,0.74320988,0.0,6.0160494,1.8160494
138,99,Cervelas Pur Porc,d,946.0,7.4,0.9,0.5,13.0,0.84,18.0,12.085185,c,2.8358025,1.3345679,1.8987654,-1e-12,6.0160494,1e-12
4137,100,Filets de truite fumee,b,561.0,0.8,0.5,0.5,25.0,0.52,1.0,17.382716,a,2.908642,3.5197531,2.3259259,-1e-12,6.8123457,1.8160494
4785,101,Champignons de Paris eminces,a,120.0,0.0,2.3,2.6,2.5,0.236,-1.0,18.630864,a,2.908642,4.5975309,1.8987654,1.8160494,4.7049383,2.7049383
5583,102,Comte AOP (32% MG) - 350 g - Carrefour,d,1706.0,18.4,1.0,1.5,29.0,0.24384,11.0,13.965432,b,0.73333333,0.0,1.8987654,1.8160494,6.8123457,2.7049383
1767,103,Ba»che glacee Chocolats noisettes caramelisees,d,924.0,9.1,21.0,1.7,3.5,0.084,14.0,13.77037,b,2.8358025,1.3345679,0.37407407,1.8160494,4.7049383,2.7049383
576,104,Infusion verveine,b,17.0,0.0,0.0,0.0,0.0,0.0,1.0,14.634568,b,3.2,4.5975309,2.762963,0.0,0.0,4.0740741
1281,105,Jambon Persille de Bourgogne,d,699.0,2.7,1.1,0.0,24.8,0.76,12.0,13.541975,b,2.8358025,1.9950617,1.8987654,0.0,6.8123457,0.0
1777,106,Terrine De Campagne a  L'ancienne,d,1323.0,9.5,0.7,0.5,13.0,0.44,16.0,12.662963,c,1.5975309,1.3345679,1.8987654,-1e-12,6.0160494,1.8160494
292,107,Ananas au jus d'ananas,a,205.0,0.0,10.0,1.0,0.0,0.0,-4.0,14.139506,b,2.908642,4.5975309,0.74320988,1.8160494,0.0,4.0740741
1622,108,Rosette de Lyon,e,1226.0,8.5,1.0,,29.0,1.6,21.0,11.64321,c,1.5975309,1.3345679,1.8987654,0.0,6.8123457,0.0
2482,109,PUR JUS Orange presse du Bresil,c,164.0,0.0,8.7,0.3,0.7,0.0,2.0,12.323457,c,2.908642,4.5975309,0.74320988,0.0,0.0,4.0740741
2519,110,Banana fraise,d,1424.0,0.1,72.0,0.5,3.8,0.0,14.0,14.974074,b,1.5975309,4.5975309,0.0,-1e-12,4.7049383,4.0740741
798,111,Pain au lait aux pepites de chocolat,d,1594.0,4.2,19.0,2.0,8.7,0.296,13.0,13.323457,b,1.5975309,1.3345679,0.74320988,1.8160494,6.0160494,1.8160494
1489,112,Poulet Crudite,c,1015.0,0.7,2.4,2.2,10.0,0.64,3.0,17.562963,a,2.8358025,3.5197531,1.8987654,1.8160494,6.0160494,1.4765432
1035,113,Taurine drink  Psychik,e,139.0,1.5,8.2,,0.0,0.08,12.0,9.9876543,c,2.908642,2.9222222,1.4518519,0.0,0.0,2.7049383
2912,114,Jus d'orange,b,142.0,0.0,8.5,,0.0,0.0,1.0,12.323457,c,2.908642,4.5975309,0.74320988,0.0,0.0,4.0740741
5005,115,Lait Demi-ecreme,b,193.0,1.0,4.8,0.0,3.2,0.052,0.0,16.659259,b,2.908642,3.5197531,1.4518519,0.0,4.7049383,4.0740741
831,116,Barres cereales CRF bio chocolat,d,1695.0,3.4,33.0,3.3,5.1,0.012,12.0,13.323457,b,0.73333333,1.9950617,0.0,1.8160494,4.7049383,4.0740741
4936,117,Toast gourmand brioche,c,1665.0,2.6,9.1,3.9,13.0,0.284,7.0,13.197531,b,0.73333333,1.9950617,0.74320988,1.8938272,6.0160494,1.8160494
3019,118,Haricots verts et beurre extra-fins cuisines ail & persil,a,71.0,0.0,1.0,2.7,1.4,0.2,-5.0,18.922222,a,3.2,4.5975309,1.8987654,1.8160494,4.7049383,2.7049383
3463,119,Petit Beurre Pepites de Chocolat,e,1912.0,9.9,26.0,3.5,7.5,0.6,22.0,11.196296,c,0.55308642,1.3345679,0.0,1.8160494,6.0160494,1.4765432
3884,120,Noir chocolat dessert,e,2186.0,18.0,48.0,9.7,7.0,0.008,21.0,12.323457,c,0.0,0.0,0.0,2.6802469,5.5691358,4.0740741
4815,121,Cigarettes,e,2226.0,16.0,35.0,1.1,5.4,0.14,23.0,10.560494,c,0.0,1.3345679,0.0,1.8160494,4.7049383,2.7049383
728,122,Jambon sec  Qualite superieure,e,1100.0,6.3,0.5,,30.0,2.32,19.0,12.07037,c,1.5975309,1.3345679,2.3259259,0.0,6.8123457,0.0
2429,123,Jambon superieur avec couenne Fume au bois de haªtre,d,646.0,3.0,0.6,,20.0,0.76,11.0,13.323457,b,2.8358025,1.9950617,1.8987654,0.0,6.5938272,0.0
4268,124,Pates fraiches bio zoo Bio,a,1481.0,0.0,3.5,2.5,12.0,0.012,-3.0,19.553086,a,1.5975309,4.5975309,1.4518519,1.8160494,6.0160494,4.0740741
5102,125,"Crackers alleges, Saveur Creme Oignon",d,1640.0,1.0,14.0,3.6,6.3,1.2,14.0,13.323457,b,1.5975309,3.5197531,0.74320988,1.8938272,5.5691358,1e-12
3404,126,Pomme  Abricot Specialite de fruits,a,304.0,0.0,16.0,1.8,0.3,0.0,-3.0,14.139506,b,2.908642,4.5975309,0.74320988,1.8160494,0.0,4.0740741
3643,127,Goa»ter laitier au chocolat,c,440.0,1.5,12.0,0.6,3.1,0.068,3.0,15.139506,b,2.908642,2.9222222,0.74320988,1.1555556,4.7049383,2.7049383
5555,128,Croquants goa»t chocolat Stylesse,d,1804.0,5.7,33.0,3.7,6.8,0.44,18.0,11.166667,c,0.55308642,1.3345679,0.0,1.8938272,5.5691358,1.8160494
1201,129,Mais doux,a,305.0,0.2,5.1,3.0,2.7,0.2,-1.0,17.75679,a,2.908642,4.1703704,1.4518519,1.8160494,4.7049383,2.7049383
4601,130,Nectar orange,c,87.0,0.1,4.1,,0.5,0.012,4.0,13.323457,b,3.2,4.5975309,1.4518519,0.0,0.0,4.0740741
1211,131,Petits pois,a,331.0,0.0,4.4,6.0,4.9,0.2,-11.0,18.339506,a,2.908642,4.5975309,1.4518519,1.9716049,4.7049383,2.7049383
3948,132,Moutarde  Mi-Forte,d,1011.0,2.4,1.3,2.1,4.4,1.92,13.0,14.119753,b,2.8358025,2.8641975,1.8987654,1.8160494,4.7049383,0.0
4402,133,Gouda au cumin,d,1512.0,20.0,0.0,,23.0,0.76,17.0,11.17284,c,1.5975309,0.0,2.762963,0.0,6.8123457,0.0
4581,134,Tartelette a  la framboise,e,1294.0,6.0,31.0,3.0,4.4,0.8128,20.0,9.4530864,c,1.5975309,1.3345679,0.0,1.8160494,4.7049383,1e-12
2530,135,Filet de poulet et ses pommes de terre a la sarladaise,a,596.0,1.7,0.5,2.1,11.0,0.272,-2.0,17.804938,a,2.908642,2.9222222,2.3259259,1.8160494,6.0160494,1.8160494
651,136,"Galettes Boulgour, Lentilles corail, Aneth",a,733.0,2.9,1.9,3.8,6.8,0.332,-1.0,16.008642,b,2.8358025,1.9950617,1.8987654,1.8938272,5.5691358,1.8160494
2718,137,Huile de noix,c,3441.0,9.0,0.0,,0.0,0.0,5.0,8.1716049,d,0.0,1.3345679,2.762963,0.0,0.0,4.0740741
5362,138,Choc'o' Tiz,e,2218.0,17.0,57.0,2.5,7.0,0.08,24.0,10.090123,c,0.0,0.0,0.0,1.8160494,5.5691358,2.7049383
4561,139,Chips saveur barbecue-bolognaise-moutarde (lot de 6),c,2297.0,3.1,3.0,5.5,6.0,0.56,10.0,12.702469,c,0.0,1.9950617,1.8987654,1.8938272,5.4382716,1.4765432
2485,140,Chocolat Lait croustillant,e,2197.0,18.0,51.0,2.0,6.1,0.16,25.0,9.9592593,c,0.0,0.0,0.0,1.8160494,5.4382716,2.7049383
3870,141,Jus d'Ananas a  base de concentre,c,200.0,0.0,11.0,,0.5,0.0,5.0,12.323457,c,2.908642,4.5975309,0.74320988,0.0,0.0,4.0740741
4982,142,Maxi Briochettes,d,1389.0,5.3,8.3,,9.9,0.48,15.0,11.507407,c,1.5975309,1.3345679,0.74320988,0.0,6.0160494,1.8160494
5336,143,Legumes a  la Basquaise,b,305.0,0.9,3.5,1.7,1.6,0.36,0.0,16.217284,b,2.908642,3.5197531,1.4518519,1.8160494,4.7049383,1.8160494
5297,144,Riz au lait  nature,b,532.0,1.8,13.4,,3.4,0.072,2.0,13.925926,b,2.908642,2.8641975,0.74320988,0.0,4.7049383,2.7049383
2803,145,Jambon Cuit Superieur au Torchon avec Couenne,c,523.0,1.9,0.9,,21.0,0.68,4.0,15.741975,b,2.908642,2.8641975,1.8987654,0.0,6.5938272,1.4765432
887,146,Pistaches grillees,a,2561.0,6.2,6.5,11.0,26.0,0.012,-1.0,16.353086,b,-8.8817842e-16,1.3345679,1.4518519,2.6802469,6.8123457,4.0740741
871,147,Puree Pomme Sans Sucres Ajoutes,a,234.0,0.2,10.0,1.4,0.0,0.08,-4.0,12.34321,c,2.908642,4.1703704,0.74320988,1.8160494,0.0,2.7049383
5087,148,Couscous aux epices,c,1586.0,0.6,2.6,5.3,15.0,0.8,7.0,15.139506,b,1.5975309,3.7333333,1.8987654,1.8938272,6.0160494,1e-12
175,149,Saucisson sec aux noisettes,e,1469.0,9.0,1.6,1.2,27.0,1.76,21.0,13.459259,b,1.5975309,1.3345679,1.8987654,1.8160494,6.8123457,0.0
3758,150,Miettes de surimi  Aux poissons sauvages,c,481.0,0.4,2.9,,7.0,0.64,4.0,16.023457,b,2.908642,4.1703704,1.8987654,0.0,5.5691358,1.4765432
3388,151,Endives au jambon  A l'emmental rape,c,353.0,2.3,5.7,0.5,4.1,0.34,5.0,13.745679,b,2.908642,2.8641975,1.4518519,-1e-12,4.7049383,1.8160494
4152,152,Plat minut' Poulet a  la Basquaise et Riz,a,444.0,0.6,0.9,1.5,5.7,0.224,-1.0,18.5,a,2.908642,3.7333333,1.8987654,1.8160494,5.4382716,2.7049383
382,153,Riz Basmati,a,1477.0,0.2,0.3,1.5,8.1,0.0,-2.0,20.0,a,1.5975309,4.1703704,2.3259259,1.8160494,6.0160494,4.0740741
1486,154,Blanc de  poulet  Dore au Four,c,428.0,0.6,0.9,0.5,21.0,0.76,4.0,15.134568,b,2.908642,3.7333333,1.8987654,-1e-12,6.5938272,0.0
2720,155,Nuggets de poulet 500g,c,912.0,2.2,0.6,1.1,13.0,0.52,3.0,17.246914,a,2.8358025,2.8641975,1.8987654,1.8160494,6.0160494,1.8160494
2701,156,"Assortiment oeufs fourressaveur praline, faa§on petit beurre, petillant, biscuit cacaote",e,2315.0,20.0,52.0,1.4,7.5,0.092,26.0,10.537037,c,0.0,0.0,0.0,1.8160494,6.0160494,2.7049383
2013,157,Mini  vanille chocolat,e,1666.0,16.0,32.0,1.6,4.1,0.096,21.0,11.293827,c,0.73333333,1.3345679,0.0,1.8160494,4.7049383,2.7049383
2920,158,Emmental,d,1590.0,19.0,0.0,0.0,28.0,0.3,12.0,12.988889,c,1.5975309,0.0,2.762963,0.0,6.8123457,1.8160494
5419,159,Mon Financier,e,1865.0,13.0,34.0,1.9,8.6,0.144,22.0,12.424691,c,0.55308642,1.3345679,0.0,1.8160494,6.0160494,2.7049383
403,160,Lasagnes aux legumes grilles sans gluten,c,506.0,1.8,2.3,,4.2,0.336,3.0,14.192593,b,2.908642,2.8641975,1.8987654,0.0,4.7049383,1.8160494
3523,161,Munster gerome,d,1385.0,19.0,0.5,0.0,20.0,0.72,16.0,11.755556,c,1.5975309,0.0,2.3259259,0.0,6.5938272,1.2382716
2667,162,Mozzarella pour Pizza / Panini (22% MG),d,1235.0,14.0,0.0,2.0,26.0,0.508,11.0,16.139506,b,1.5975309,1.3345679,2.762963,1.8160494,6.8123457,1.8160494
5073,163,"Cocktail, Melange Olives et lupins",c,706.0,2.4,0.0,5.7,4.4,1.2,9.0,15.139506,b,2.8358025,2.8641975,2.762963,1.9716049,4.7049383,1e-12
2449,164,Brochettes fourrage goa»t fraise,d,1393.0,1.3,27.0,,5.5,0.372,14.0,11.774074,c,1.5975309,2.9222222,0.0,0.0,5.4382716,1.8160494
2333,165,Pains au Lait,d,1446.0,5.0,12.0,2.3,8.1,0.276,11.0,13.323457,b,1.5975309,1.3345679,0.74320988,1.8160494,6.0160494,1.8160494
4682,166,Cereales chocolat caramel Fusion,b,1665.0,0.9,27.0,6.6,8.4,0.16,0.0,14.945679,b,0.73333333,3.5197531,0.0,1.9716049,6.0160494,2.7049383
240,167,Tomates pelees concassees au jus,a,101.0,0.0,2.8,1.5,0.8,0.028,-6.0,15.58642,b,3.2,4.5975309,1.8987654,1.8160494,0.0,4.0740741
4574,168,Galette des rois approuvee Gault Millau,e,1849.0,17.0,11.0,1.7,7.3,0.304,19.0,10.497531,c,0.55308642,0.0,0.74320988,1.8160494,5.5691358,1.8160494
4366,169,Sirop Pomme,e,1343.0,0.0,74.0,0.0,0.0,0.0,20.0,10.269136,c,1.5975309,4.5975309,0.0,0.0,0.0,4.0740741
4140,170,Amandes Decortiquees,b,2623.0,4.0,3.8,11.0,20.8,0.01,0.0,16.134568,b,-8.8817842e-16,1.3345679,1.4518519,2.6802469,6.5938272,4.0740741
2000,171,Cintas nido espinaca,a,1536.0,0.5,3.1,4.0,13.0,0.024,-5.0,19.21358,a,1.5975309,3.7333333,1.8987654,1.8938272,6.0160494,4.0740741
3211,172,Raclette frottee au vin blanc,d,1427.0,18.0,0.0,,23.0,0.68,16.0,12.649383,c,1.5975309,0.0,2.762963,0.0,6.8123457,1.4765432
1108,173,Pain de mie Complet,c,1054.0,0.6,5.2,,9.8,0.48,4.0,15.275309,b,2.2580247,3.7333333,1.4518519,0.0,6.0160494,1.8160494
2713,174,Cuisses de pintade,b,920.0,4.2,0.5,,19.0,0.076,1.0,15.795062,b,2.8358025,1.3345679,2.3259259,0.0,6.5938272,2.7049383
1854,175,"Salade praªte a  consommer, Mache Roquette (4 portions)",a,113.0,0.1,0.6,2.0,2.2,0.0,-8.0,20.0,a,2.908642,4.5975309,1.8987654,1.8160494,4.7049383,4.0740741
3968,176,Truffes fantaisie eclats de feves de cacao,e,2591.0,44.0,35.0,5.3,4.1,0.12,20.0,9.3037037,c,0.0,0.0,0.0,1.8938272,4.7049383,2.7049383
3668,177,Yogur natural,a,221.0,1.7,3.7,,3.5,0.04,-1.0,16.061728,b,2.908642,2.9222222,1.4518519,0.0,4.7049383,4.0740741
1109,178,Mini feuilletes aperitifs saumon . epinard-ricotta . roule saucisse . tomates-legumes,d,1251.0,9.4,1.6,1.7,6.3,0.38,15.0,14.032099,b,1.5975309,1.3345679,1.8987654,1.8160494,5.5691358,1.8160494
5209,179,Preparation Entremets saveur Vanille,d,1548.0,0.1,78.0,3.0,0.5,0.04,11.0,12.085185,c,1.5975309,4.5975309,0.0,1.8160494,0.0,4.0740741
4306,180,Radiatori,a,1159.0,0.6,1.2,2.6,9.8,0.016,-4.0,19.135802,a,1.5975309,3.7333333,1.8987654,1.8160494,6.0160494,4.0740741
300,181,Crunchy Chocolat Au Lait & Noisettes,d,1971.0,7.1,19.0,6.1,9.7,0.16,12.0,13.323457,b,0.55308642,1.3345679,0.74320988,1.9716049,6.0160494,2.7049383
2381,182,Muesli,a,1548.0,1.1,14.0,9.6,9.3,0.0,-2.0,18.630864,a,1.5975309,3.5197531,0.74320988,2.6802469,6.0160494,4.0740741
499,183,Jus de Pomme et de Cerise a  base de concentres,b,4.0,1.0,4.0,,15.0,0.8,-3.0,14.187654,b,3.2,3.5197531,1.4518519,0.0,6.0160494,1e-12
136,184,Sauce algerienne,d,1841.0,3.3,12.0,0.9,1.3,0.64,17.0,9.7691358,c,0.55308642,1.9950617,0.74320988,1.8160494,3.1851852,1.4765432
3443,185,Frites pour friteuse,a,517.0,0.4,0.5,2.5,2.4,0.016,-2.0,20.0,a,2.908642,4.1703704,2.3259259,1.8160494,4.7049383,4.0740741
3617,186,Cuisse de canette ra´tie et ses pommes de terre au jus,a,598.0,2.2,0.7,1.1,11.0,0.22,-1.0,18.208642,a,2.908642,2.8641975,1.8987654,1.8160494,6.0160494,2.7049383
2986,187,"Carrefour Bifidus Lait Fermente Au Muesli, 4 Pack At 125g Each",b,418.0,2.3,12.0,1.8,3.8,0.04,2.0,17.111111,a,2.908642,2.8641975,0.74320988,1.8160494,4.7049383,4.0740741
3535,188,Blanc de dinde Qualite choix,c,445.0,0.6,0.8,,21.0,0.84,5.0,15.134568,b,2.908642,3.7333333,1.8987654,0.0,6.5938272,1e-12
1736,189,Nems Au Porc,c,971.0,2.3,3.1,1.4,5.5,0.6,6.0,16.32963,b,2.8358025,2.8641975,1.8987654,1.8160494,5.4382716,1.4765432
2569,190,Mousse forestiere,d,1008.0,7.2,1.7,0.6,11.0,0.64,17.0,14.717284,b,2.8358025,1.3345679,1.8987654,1.1555556,6.0160494,1.4765432
3205,191,Ba»che glacee  Poire chocolat,c,722.0,4.8,22.0,1.4,1.9,0.056,8.0,15.139506,b,2.8358025,1.3345679,0.37407407,1.8160494,4.7049383,4.0740741
4169,192,Tartines salade de thon,c,1251.0,1.9,2.7,1.8,8.9,0.52,3.0,16.008642,b,1.5975309,2.8641975,1.8987654,1.8160494,6.0160494,1.8160494
4972,193,Graisses de Canard Issue de Canard du Sud-Ouest,d,3698.0,31.0,0.5,0.0,0.0,0.008,14.0,6.4,d,0.0,0.0,2.3259259,0.0,0.0,4.0740741
4847,194,Baguette De Pain 250g.,e,4180.0,0.0,45.0,,0.0,4.8,29.0,4.5975309,e,0.0,4.5975309,0.0,0.0,0.0,0.0
5574,195,Caramel a  tartiner au beurre sale,e,1808.0,11.0,62.0,,0.6,0.11176,26.0,4.5925926,e,0.55308642,1.3345679,0.0,0.0,0.0,2.7049383
2600,196,Biscuits comptets avoine ble,e,2088.0,12.0,26.0,,7.4,0.284,24.0,8.7197531,d,0.0,1.3345679,0.0,0.0,5.5691358,1.8160494
606,197,Maxi petit,b,423.0,1.7,11.0,,6.6,0.04,0.0,16.217284,b,2.908642,2.9222222,0.74320988,0.0,5.5691358,4.0740741
4469,198,Marmelade orange,d,1021.0,0.0,60.0,0.8,0.0,0.0,13.0,13.323457,b,2.8358025,4.5975309,0.0,1.8160494,0.0,4.0740741
2835,199,Emmental rape -30% de sel,c,1628.0,19.0,0.5,,29.0,0.16,10.0,13.440741,b,1.5975309,0.0,2.3259259,0.0,6.8123457,2.7049383
3339,200,Pommes gaufrettes,c,860.0,1.3,0.6,2.5,2.6,0.4,4.0,15.993827,b,2.8358025,2.9222222,1.8987654,1.8160494,4.7049383,1.8160494
154,201,Celeri,b,350.0,1.1,1.9,2.5,1.0,0.368,2.0,15.144444,b,2.908642,3.5197531,1.8987654,1.8160494,3.1851852,1.8160494
5384,202,Sauce burger,e,2220.0,4.2,14.0,0.7,1.4,0.84,22.0,7.9382716,d,8.8900582e-17,1.3345679,0.74320988,1.1555556,4.7049383,1e-12
497,203,Fromage a  tartiner Nature,d,1039.0,16.0,3.0,0.0,4.5,0.4,15.0,12.012346,c,2.2580247,1.3345679,1.8987654,0.0,4.7049383,1.8160494
3742,204,Veloute aux  Cepes et aux Bolets a  la creme fraiche,c,156.0,1.1,0.6,0.9,0.9,0.252,3.0,16.033333,b,2.908642,3.5197531,1.8987654,1.8160494,3.1851852,2.7049383
2942,205,"Pack lait ecreme, 6 x 1L",a,142.0,0.1,4.9,0.0,3.5,0.052,-1.0,17.737037,a,2.908642,4.5975309,1.4518519,0.0,4.7049383,4.0740741
1505,206,Petits pains grilles,b,1719.0,1.0,6.1,7.1,10.0,0.44,0.0,16.217284,b,0.73333333,3.5197531,1.4518519,2.6802469,6.0160494,1.8160494
2622,207,Sauce salsa hot,c,226.0,0.1,7.9,,1.3,0.64,8.0,13.619753,b,2.908642,4.5975309,1.4518519,0.0,3.1851852,1.4765432
4835,208,Tortilla chips,c,2008.0,2.2,1.5,4.0,6.7,0.4,7.0,14.041975,b,-1.110223e-15,2.8641975,1.8987654,1.8938272,5.5691358,1.8160494
2684,209,Coquillettes Bolognaise pur Boeuf,b,398.0,1.4,2.7,1.3,5.0,0.344,1.0,16.066667,b,2.908642,2.9222222,1.8987654,1.8160494,4.7049383,1.8160494
846,210,Haricots blancs sauce tomate BIO,a,360.0,0.0,4.1,4.8,5.2,0.4,-3.0,17.37284,a,2.908642,4.5975309,1.4518519,1.8938272,4.7049383,1.8160494
2611,211,Biscuits chocolat au lait,e,2171.0,17.0,35.0,2.3,6.8,0.32,24.0,9.2012346,c,6.6613381e-16,0.0,0.0,1.8160494,5.5691358,1.8160494
1825,212,Quinoa,b,611.0,0.7,0.5,,4.5,0.16,0.0,16.164198,b,2.908642,3.5197531,2.3259259,0.0,4.7049383,2.7049383
558,213,Cornichons extra-fins,a,67.0,0.2,0.5,2.1,1.2,0.6,-1.0,16.174074,b,3.2,4.1703704,2.3259259,1.8160494,3.1851852,1.4765432
795,214,Lasagnes a la bolognaise,c,485.0,2.3,3.0,1.6,5.0,0.38,3.0,16.008642,b,2.908642,2.8641975,1.8987654,1.8160494,4.7049383,1.8160494
4845,215,Beignets de crevette,b,1097.0,1.6,2.8,1.1,8.5,0.44,2.0,16.066667,b,1.5975309,2.9222222,1.8987654,1.8160494,6.0160494,1.8160494
1326,216,Galettes de mais Chocolat noir,d,2000.0,14.0,22.0,8.4,7.2,0.0,14.0,14.032099,b,0.0,1.3345679,0.37407407,2.6802469,5.5691358,4.0740741
2823,217,Galettes a  l'avoine  Au chocolat noir,e,2110.0,14.0,41.0,4.0,5.0,0.26,23.0,9.7493827,c,-2.220446e-16,1.3345679,0.0,1.8938272,4.7049383,1.8160494
2919,218,lentilles,a,356.0,0.1,0.5,3.8,6.3,0.232,-4.0,20.0,a,2.908642,4.5975309,2.3259259,1.8938272,5.5691358,2.7049383
3860,219,Lait  eclats de  caramel & fleur de sel,e,2284.0,20.0,54.0,1.1,6.4,0.144,26.0,10.090123,c,-8.8817842e-16,0.0,0.0,1.8160494,5.5691358,2.7049383
2736,220,Brie,d,1498.0,22.0,0.0,,17.0,0.52,14.0,12.192593,c,1.5975309,0.0,2.762963,0.0,6.0160494,1.8160494
5169,221,Sauce Kebab,d,1176.0,2.3,5.5,0.3,1.3,0.568,12.0,10.575309,c,1.5975309,2.8641975,1.4518519,0.0,3.1851852,1.4765432
3392,222,Mais doux,a,309.0,0.2,5.1,3.0,2.7,0.18,-7.0,17.75679,a,2.908642,4.1703704,1.4518519,1.8160494,4.7049383,2.7049383
5367,223,Sirop de Fruits Rouges,d,1306.0,0.0,75.0,,0.0,0.0,13.0,10.269136,c,1.5975309,4.5975309,0.0,0.0,0.0,4.0740741
1541,224,le gourmand cereales et graines,a,1210.0,0.833,4.17,3.89,10.3,0.5,-1.0,16.295062,b,1.5975309,3.5197531,1.4518519,1.8938272,6.0160494,1.8160494
369,225,Tomates Cerises Conserves,a,96.0,0.0,2.1,,1.4,0.008,-5.0,18.475309,a,3.2,4.5975309,1.8987654,0.0,4.7049383,4.0740741
1153,226,"Filets de poulet avec peau, saumures et ra´tis",c,706.0,1.9,0.7,0.6,25.0,0.56,4.0,17.04321,a,2.8358025,2.8641975,1.8987654,1.1555556,6.8123457,1.4765432
4745,227,Bifidus saveur Citron (4 pots),b,393.0,1.9,12.0,0.0,3.3,0.04,2.0,15.295062,b,2.908642,2.8641975,0.74320988,0.0,4.7049383,4.0740741
3004,228,Lait demi ecreme de montagne,b,192.0,1.0,4.8,,3.2,0.04,0.0,16.659259,b,2.908642,3.5197531,1.4518519,0.0,4.7049383,4.0740741
793,229,Pruneaux d'Agen entiers,c,1046.0,0.2,37.0,6.6,1.4,0.0,4.0,17.179012,a,2.2580247,4.1703704,0.0,1.9716049,4.7049383,4.0740741
1359,230,8 Ca´nes Saveur Chocolat Pistache,d,1231.0,12.0,27.0,1.1,3.4,0.052,17.0,13.52716,b,1.5975309,1.3345679,0.0,1.8160494,4.7049383,4.0740741
1929,231,Pate brisee,d,1708.0,11.0,3.0,1.3,5.7,0.356,17.0,13.037037,b,0.73333333,1.3345679,1.8987654,1.8160494,5.4382716,1.8160494
3283,232,Confiture  fraises,d,1052.0,0.05,43.0,0.6,0.4,0.0,12.0,12.085185,c,2.2580247,4.5975309,0.0,1.1555556,0.0,4.0740741
3436,233,Pointes d'asperges blanches,a,62.0,0.0,1.5,1.4,1.2,0.3,-3.0,16.51358,b,3.2,4.5975309,1.8987654,1.8160494,3.1851852,1.8160494
1552,234,Fromage de chevre,d,1339.0,20.0,0.0,,16.0,0.48,13.0,12.192593,c,1.5975309,0.0,2.762963,0.0,6.0160494,1.8160494
5343,235,Carrefour Bio Jus d'Orange,c,176.0,0.0,9.8,0.2,0.6,0.01016,3.0,12.323457,c,2.908642,4.5975309,0.74320988,0.0,0.0,4.0740741
1634,236,Brioche Bio,e,1552.0,10.0,11.0,0.0,9.1,0.404,19.0,11.507407,c,1.5975309,1.3345679,0.74320988,0.0,6.0160494,1.8160494
2417,237,"Perles de pates, courgettes, riz rouge",c,644.0,1.4,1.4,,4.4,0.28,3.0,14.250617,b,2.908642,2.9222222,1.8987654,0.0,4.7049383,1.8160494
5509,238,Chevre Tomate & Legumes Grilles Pain Polaire,b,920.0,2.2,5.6,2.2,7.0,0.332,2.0,16.353086,b,2.8358025,2.8641975,1.4518519,1.8160494,5.5691358,1.8160494
4064,239,Sandwich Jambon bacon oeuf,b,766.0,0.9,3.4,3.0,8.8,0.6,0.0,17.116049,a,2.8358025,3.5197531,1.4518519,1.8160494,6.0160494,1.4765432
2288,240,Tofu BIO Baies roses,b,822.0,1.6,0.0,1.6,16.0,0.52,2.0,18.169136,a,2.8358025,2.9222222,2.762963,1.8160494,6.0160494,1.8160494
4431,241,"Hachis Parmentier Gratine a  L'emmental, 3 a  4 Portions, Boite D'un Kilo, Marque Carrefour",c,561.0,3.2,1.3,1.0,5.9,0.32,3.0,15.87284,b,2.908642,1.9950617,1.8987654,1.8160494,5.4382716,1.8160494
1184,242,Espa¡rragos Verdes,a,90.0,0.1,1.2,1.5,2.6,0.352,-4.0,18.033333,a,3.2,4.5975309,1.8987654,1.8160494,4.7049383,1.8160494
1263,243,Terrine de campagne bio,e,1385.0,11.0,0.9,0.6,15.0,0.6,20.0,13.479012,b,1.5975309,1.3345679,1.8987654,1.1555556,6.0160494,1.4765432
4308,244,Tartelettes Framboise Faa§on Crumble,e,1833.0,11.0,35.0,,4.5,0.04,22.0,10.666667,c,0.55308642,1.3345679,0.0,0.0,4.7049383,4.0740741
2843,245,Cornichons Entiers Aigres-Doux,a,109.0,0.0,4.5,1.5,1.0,0.356,-3.0,15.775309,b,2.908642,4.5975309,1.4518519,1.8160494,3.1851852,1.8160494
130,246,Truffes fantaisie fondates,d,2653.0,42.0,28.0,7.2,4.5,0.012,18.0,11.459259,c,0.0,0.0,0.0,2.6802469,4.7049383,4.0740741
3801,247,Fonds d'artichauts mini,a,112.0,0.0,1.4,2.0,1.3,0.232,-5.0,17.111111,a,2.908642,4.5975309,1.8987654,1.8160494,3.1851852,2.7049383
1740,248,Boudoirs aux oufs Frais,d,1693.0,1.0,53.0,2.0,7.4,0.052,13.0,15.712346,b,0.73333333,3.5197531,0.0,1.8160494,5.5691358,4.0740741
4015,249,Tagliatelles a  la carbonara,c,717.0,4.5,0.9,1.2,5.9,0.276,5.0,15.139506,b,2.8358025,1.3345679,1.8987654,1.8160494,5.4382716,1.8160494
4368,250,Mini gratins de choux-fleurs a  l'emmental,b,327.0,2.4,3.0,1.5,2.6,0.264,1.0,16.008642,b,2.908642,2.8641975,1.8987654,1.8160494,4.7049383,1.8160494
2813,251,Bulots de la baie de Granville cuits,b,418.0,0.0,0.0,,21.0,0.372,0.0,18.679012,a,2.908642,4.5975309,2.762963,0.0,6.5938272,1.8160494
5013,252,Hamburgers,c,732.0,3.8,1.0,,20.0,0.52,5.0,15.139506,b,2.8358025,1.9950617,1.8987654,0.0,6.5938272,1.8160494
1251,253,Sauce bearnaise,d,2293.0,3.4,3.4,,1.2,0.68,16.0,8.108642,d,-8.8817842e-16,1.9950617,1.4518519,0.0,3.1851852,1.4765432
918,254,Pain,c,33.0,1.0,1.0,2.0,3.0,1.96,7.0,15.139506,b,3.2,3.5197531,1.8987654,1.8160494,4.7049383,0.0
2965,255,Chocolat noir,e,2289.0,20.0,40.0,11.0,8.1,0.004,19.0,12.77037,c,-8.8817842e-16,0.0,0.0,2.6802469,6.0160494,4.0740741
709,256,Noirchocolat dessert,e,2186.0,18.0,48.0,9.7,7.0,0.008,21.0,12.323457,c,0.0,0.0,0.0,2.6802469,5.5691358,4.0740741
4029,257,Foie Gras de Canard entier du Sud-Ouest,e,2295.0,25.0,0.8,1.0,7.6,0.44,19.0,11.546914,c,0.0,0.0,1.8987654,1.8160494,6.0160494,1.8160494
1561,258,veritable Andouille de Guemene,e,1117.0,12.0,0.5,,16.0,0.84,22.0,11.274074,c,1.5975309,1.3345679,2.3259259,0.0,6.0160494,1e-12
5089,259,Madeleines Coquilles Pur beurre,e,1854.0,13.0,30.0,,5.9,0.3,24.0,9.1419753,c,0.55308642,1.3345679,0.0,0.0,5.4382716,1.8160494
2738,260,Tomme de Brebis,d,1658.0,25.0,1.5,0.0,22.0,0.64,16.0,10.920988,c,0.73333333,0.0,1.8987654,0.0,6.8123457,1.4765432
4804,261,Cheesecake aux fruits rouges sur son biscuit croustillant,d,1230.0,7.2,27.0,1.0,5.1,0.08128,14.0,12.158025,c,1.5975309,1.3345679,0.0,1.8160494,4.7049383,2.7049383
2260,262,Genoises Cerise,d,1590.0,6.0,52.0,2.0,3.0,0.072,17.0,12.158025,c,1.5975309,1.3345679,0.0,1.8160494,4.7049383,2.7049383
3749,263,Blanc de  poulet -25% de sel*,b,427.0,0.6,0.9,0.0,20.0,0.52,1.0,16.950617,b,2.908642,3.7333333,1.8987654,0.0,6.5938272,1.8160494
4586,264,Apero Club - crakers et croustillants,d,2121.0,4.0,4.2,2.8,9.0,0.64,14.0,12.095062,c,0.0,1.3345679,1.4518519,1.8160494,6.0160494,1.4765432
1191,265,Pousses de haricot (soja),b,100.0,0.2,2.8,1.8,1.5,0.12,0.0,18.495062,a,3.2,4.1703704,1.8987654,1.8160494,4.7049383,2.7049383
2487,266,"Cola, carrefour",d,1406.0,0.1,65.0,,4.1,0.0,14.0,14.974074,b,1.5975309,4.5975309,0.0,0.0,4.7049383,4.0740741
4114,267,Vinaigrette a la moutarde,c,992.0,2.0,0.6,0.3,0.7,0.72,10.0,8.837037,d,2.8358025,2.8641975,1.8987654,0.0,0.0,1.2382716
1321,268,Sauce bearnaise,d,1494.0,3.0,3.1,,0.7,0.88,15.0,5.491358,d,1.5975309,1.9950617,1.8987654,0.0,0.0,1e-12
5310,269,Coeurs caramel,e,2123.0,17.0,40.0,1.7,5.5,0.14,24.0,9.9592593,c,0.0,0.0,0.0,1.8160494,5.4382716,2.7049383
260,270,Fines Galettes de Bretagne Specialites de Pont-Aven,e,2142.0,17.0,30.0,1.6,6.0,0.36,24.0,9.0703704,c,-2.220446e-16,0.0,0.0,1.8160494,5.4382716,1.8160494
2386,271,Tostada crujiente centeno integral,a,1528.0,0.4,3.5,14.0,8.2,0.24,-4.0,18.620988,a,1.5975309,4.1703704,1.4518519,2.6802469,6.0160494,2.7049383
5447,272,Boudin Noir aux oignons a  l'ancienne,d,854.0,6.9,1.4,1.2,12.0,0.52,12.0,15.717284,b,2.8358025,1.3345679,1.8987654,1.8160494,6.0160494,1.8160494
4726,273,Mini choux goa»t bleu et noix,e,2731.0,38.0,1.4,1.7,7.4,0.52,22.0,11.1,c,-1.110223e-15,0.0,1.8987654,1.8160494,5.5691358,1.8160494
2737,274,"Yaourt a  boire Yah!, parfum fraise",b,296.0,0.8,12.0,0.0,2.7,0.04,1.0,15.950617,b,2.908642,3.5197531,0.74320988,0.0,4.7049383,4.0740741
2796,275,Jambon superieur sans couenne ( 4 tranches),c,502.0,1.3,0.8,0.0,20.0,0.7112,4.0,15.561728,b,2.908642,2.9222222,1.8987654,0.0,6.5938272,1.2382716
1261,276,Terrine campagne,e,1385.0,11.0,0.9,,15.0,0.6,20.0,12.323457,c,1.5975309,1.3345679,1.8987654,0.0,6.0160494,1.4765432
5558,277,Mais poivrons (Croquant),a,417.0,0.231,2.69,4.31,2.92,0.102,-8.0,18.281481,a,2.908642,4.1703704,1.8987654,1.8938272,4.7049383,2.7049383
4530,278,Ba»chettes glacees,d,816.0,5.3,22.0,,2.2,0.096,12.0,11.954321,c,2.8358025,1.3345679,0.37407407,0.0,4.7049383,2.7049383
516,279,Sandwich gris,a,1105.0,0.5,6.8,4.8,9.5,0.52,-1.0,16.508642,b,1.5975309,3.7333333,1.4518519,1.8938272,6.0160494,1.8160494
53,280,Mini-crackers emmental et graines de courge,d,1888.0,5.0,2.2,10.0,17.0,0.76,12.0,12.482716,c,0.55308642,1.3345679,1.8987654,2.6802469,6.0160494,0.0
1046,281,Yaourt a  boire  Fraise,b,275.0,0.7,11.0,,2.5,0.04,1.0,15.950617,b,2.908642,3.5197531,0.74320988,0.0,4.7049383,4.0740741
2014,282,Oignons jaunes,a,180.0,0.0,0.1,0.1,1.4,0.0,-5.0,18.611111,a,2.908642,4.5975309,2.3259259,0.0,4.7049383,4.0740741
4606,283,"Croq&Moi, Jambon de dinde (x 2)",d,1046.0,4.6,2.4,2.1,11.0,0.86,14.0,13.323457,b,2.2580247,1.3345679,1.8987654,1.8160494,6.0160494,1e-12
1920,284,Confiture framboises,c,1042.0,0.1,60.0,2.4,0.7,0.04,10.0,12.745679,c,2.2580247,4.5975309,0.0,1.8160494,0.0,4.0740741
3655,285,Veloute a  la  Carotte et au Potiron,b,136.0,0.3,1.6,1.1,1.0,0.184,1.0,16.683951,b,2.908642,4.1703704,1.8987654,1.8160494,3.1851852,2.7049383
2818,286,Roquefort,e,1540.0,24.0,0.001,,19.0,1.28,19.0,10.517284,c,1.5975309,0.0,2.3259259,0.0,6.5938272,0.0
1085,287,Desayuno a la taza,c,1568.0,1.5,58.0,7.0,5.5,0.004,10.0,16.003704,b,1.5975309,2.9222222,0.0,1.9716049,5.4382716,4.0740741
4810,288,Galettes epeautre,a,1548.0,0.5,1.2,8.6,17.0,0.1,-5.0,18.630864,a,1.5975309,3.7333333,1.8987654,2.6802469,6.0160494,2.7049383
3366,289,Foie gras de canard entier du Sud-Ouest  a  la fleur de sel de Salies de Bearn,e,2067.0,23.0,2.1,,8.5,0.44,20.0,9.7308642,c,-2.220446e-16,0.0,1.8987654,0.0,6.0160494,1.8160494
1164,290,Pizza jambon fromage,c,934.0,3.3,4.0,2.2,10.0,0.6,9.0,15.591358,b,2.8358025,1.9950617,1.4518519,1.8160494,6.0160494,1.4765432
1550,291,Jamon cocido,b,393.0,0.5,1.2,,19.0,0.6,2.0,16.611111,b,2.908642,3.7333333,1.8987654,0.0,6.5938272,1.4765432
2549,292,Aiguillettes de poulet panees,b,720.0,0.9,0.8,0.0,16.0,0.52,2.0,16.08642,b,2.8358025,3.5197531,1.8987654,0.0,6.0160494,1.8160494
565,293,Quatre-Quarts Pur beurre,e,1755.0,16.0,26.0,0.5,5.3,0.38,24.0,8.408642,d,0.55308642,1.3345679,0.0,-1e-12,4.7049383,1.8160494
4911,294,Pain Carre Gris,a,1004.0,0.4,2.5,4.9,8.5,0.44,-4.0,18.630864,a,2.8358025,4.1703704,1.8987654,1.8938272,6.0160494,1.8160494
102,295,Endives,a,75.0,0.0,2.0,1.1,0.9,0.136,-5.0,17.402469,a,3.2,4.5975309,1.8987654,1.8160494,3.1851852,2.7049383
4609,296,Citron vert kiwi,e,201.0,0.1,12.0,,0.1,0.04,15.0,12.323457,c,2.908642,4.5975309,0.74320988,0.0,0.0,4.0740741
4943,297,Barres Cereales Duo Choc,d,1866.0,5.2,27.0,3.3,5.2,0.06,12.0,11.11358,c,0.55308642,1.3345679,0.0,1.8160494,4.7049383,2.7049383
232,298,Le petit beurre  tablette  chocolat au lait,e,2123.0,14.0,40.0,2.6,6.8,0.3,25.0,10.535802,c,0.0,1.3345679,0.0,1.8160494,5.5691358,1.8160494
5349,299,Nectar d'Orange Bio,c,160.0,0.0,7.7,0.5,0.0,0.0,2.0,13.032099,b,2.908642,4.5975309,1.4518519,-1e-12,0.0,4.0740741
3046,300,Beurre moule demi-selbretagne,e,2982.0,55.0,0.6,0.0,0.7,0.8,26.0,1.8987654,e,0.0,0.0,1.8987654,0.0,0.0,1e-12
1296,301,Terrine de campagne bio,e,1385.0,11.0,0.9,,15.0,0.6,20.0,12.323457,c,1.5975309,1.3345679,1.8987654,0.0,6.0160494,1.4765432
4375,302,Terrine de campagne,d,1192.0,9.3,0.8,,16.0,0.6,18.0,12.323457,c,1.5975309,1.3345679,1.8987654,0.0,6.0160494,1.4765432
957,303,Jus d'Orange,c,176.0,0.1,9.7,0.0,0.1,0.04,3.0,12.323457,c,2.908642,4.5975309,0.74320988,0.0,0.0,4.0740741
3677,304,Triangle fondant,d,1002.0,14.0,7.0,1.0,9.0,0.720344,15.0,13.454321,b,2.8358025,1.3345679,1.4518519,1.8160494,6.0160494,0.0
1884,305,Yaourt au lait entier vanille,c,367.0,2.2,11.0,,3.1,0.04,4.0,15.295062,b,2.908642,2.8641975,0.74320988,0.0,4.7049383,4.0740741
3980,306,Lasagnes de legumes,b,499.0,1.9,3.8,2.5,3.3,0.276,1.0,15.561728,b,2.908642,2.8641975,1.4518519,1.8160494,4.7049383,1.8160494
1960,307,Filet de Maquereaux grilles,b,556.0,2.5,0.1,,14.0,0.4,2.0,15.061728,b,2.908642,1.9950617,2.3259259,0.0,6.0160494,1.8160494
4967,308,Sauce Carrefour Samourai,d,2088.0,4.42,4.6,,1.0,0.72,18.0,7.2098765,d,0.0,1.3345679,1.4518519,0.0,3.1851852,1.2382716
2890,309,Choucroute,c,477.0,3.1,1.0,3.8,5.1,0.6,3.0,14.877778,b,2.908642,1.9950617,1.8987654,1.8938272,4.7049383,1.4765432
1451,310,Noix de cajou grillees,d,2489.0,7.8,5.9,,18.0,0.012,15.0,12.876543,c,0.0,1.3345679,1.4518519,0.0,6.0160494,4.0740741
3867,311,Frutas variadas,a,259.0,0.0,13.0,1.6,0.5,0.008,-4.0,14.139506,b,2.908642,4.5975309,0.74320988,1.8160494,0.0,4.0740741
4805,312,Pistaches grillees salees,d,2607.0,10.0,5.9,4.3,20.0,0.48768,18.0,13.090123,b,0.0,1.3345679,1.4518519,1.8938272,6.5938272,1.8160494
4039,313,Biscuits cuillers,d,1515.0,0.9,46.0,1.8,7.2,0.164,14.0,15.207407,b,1.5975309,3.5197531,0.0,1.8160494,5.5691358,2.7049383
87,314,Mousse de foie,d,1084.0,7.8,1.3,,11.0,0.68,17.0,12.323457,c,1.5975309,1.3345679,1.8987654,0.0,6.0160494,1.4765432
357,315,Madeleines coquilles,d,1803.0,2.1,30.0,,4.7,0.4,17.0,9.9382716,c,0.55308642,2.8641975,0.0,0.0,4.7049383,1.8160494
4215,316,Morceaux de thon a  l'huile de tournesol,b,753.0,1.6,0.0,,24.0,0.44,2.0,17.149383,a,2.8358025,2.9222222,2.762963,0.0,6.8123457,1.8160494
2083,317,Fla»tes Huile d'olive 7% & romarin,d,1741.0,1.5,5.0,3.5,12.0,0.92,14.0,12.759259,c,0.55308642,2.9222222,1.4518519,1.8160494,6.0160494,1e-12
1895,318,Croquettes au fromage,d,833.0,6.9,3.7,0.9,6.5,0.6,14.0,14.483951,b,2.8358025,1.3345679,1.4518519,1.8160494,5.5691358,1.4765432
406,319,Grignottes de poulet A l'indienne,d,779.0,3.2,0.8,0.6,20.0,0.64,12.0,15.955556,b,2.8358025,1.9950617,1.8987654,1.1555556,6.5938272,1.4765432
742,320,Terrine de campagne,e,1414.0,12.0,1.6,,15.0,0.6,20.0,12.323457,c,1.5975309,1.3345679,1.8987654,0.0,6.0160494,1.4765432
2924,321,Bifidus,b,364.0,0.1,17.0,,4.1,0.056,2.0,17.028395,a,2.908642,4.5975309,0.74320988,0.0,4.7049383,4.0740741
1818,322,Puree100% Carottes,a,136.0,0.05,3.4,2.5,1.0,0.032,-2.0,18.033333,a,2.908642,4.5975309,1.4518519,1.8160494,3.1851852,4.0740741
1465,323,X'tremal cacao,d,1774.0,5.0,34.0,7.0,7.5,0.2,13.0,12.580247,c,0.55308642,1.3345679,0.0,1.9716049,6.0160494,2.7049383
3195,324,Tarte  aux Fromages,d,1050.0,5.8,3.6,0.8,9.9,0.272,11.0,14.692593,b,2.2580247,1.3345679,1.4518519,1.8160494,6.0160494,1.8160494
3165,325,Barre gourmande chocolat,d,2238.0,11.0,26.0,7.7,14.0,0.016,16.0,14.104938,b,-8.8817842e-16,1.3345679,0.0,2.6802469,6.0160494,4.0740741
5186,326,Raviolis emmental basilic,c,1105.0,2.7,2.3,2.64,9.3,0.52,3.0,15.139506,b,1.5975309,1.9950617,1.8987654,1.8160494,6.0160494,1.8160494
1056,327,Mortadelle italienne,e,1326.0,10.0,0.9,3.0,13.0,1.08,19.0,12.662963,c,1.5975309,1.3345679,1.8987654,1.8160494,6.0160494,1e-12
4335,328,Douceur de vinaigre balsamique de modene au basilic,d,979.0,0.0,48.0,0.0,1.1,0.08,12.0,13.323457,b,2.8358025,4.5975309,0.0,0.0,3.1851852,2.7049383
1478,329,Sauce vinaigrette aux tomates sechees,e,1897.0,6.2,2.1,0.6,0.6,1.0,21.0,4.9419753,e,0.55308642,1.3345679,1.8987654,1.1555556,0.0,1e-12
4347,330,Pizza 4 Fromages,c,1001.0,5.8,4.9,2.5,9.4,0.44,10.0,15.27037,b,2.8358025,1.3345679,1.4518519,1.8160494,6.0160494,1.8160494
3741,331,Soupe saveur  Thai,b,168.0,1.3,1.9,1.3,0.8,0.252,2.0,12.250617,c,2.908642,2.9222222,1.8987654,1.8160494,0.0,2.7049383
2422,332,Salade au thon Catalane,a,498.0,0.5,3.6,2.4,7.7,0.308,-2.0,17.741975,a,2.908642,3.7333333,1.4518519,1.8160494,6.0160494,1.8160494
4199,333,Emmental rape,d,1506.0,20.0,0.0,0.0,27.0,0.36,12.0,12.988889,c,1.5975309,0.0,2.762963,0.0,6.8123457,1.8160494
4624,334,"Les carres gourmands, Orange Intense",e,2125.0,17.0,52.0,9.7,6.3,0.024,21.0,12.323457,c,0.0,0.0,0.0,2.6802469,5.5691358,4.0740741
788,335,Lait demi ecreme 1L,a,201.0,1.0,4.8,0.3,3.5,0.04,-1.0,16.659259,b,2.908642,3.5197531,1.4518519,0.0,4.7049383,4.0740741
1358,336,Pur de jus de pomme artisanal,d,230.0,0.0,12.0,,0.0,0.0,6.0,12.323457,c,2.908642,4.5975309,0.74320988,0.0,0.0,4.0740741
1345,337,Saumon fume 4 tranches,d,795.0,2.4,0.16,,22.0,1.12,14.0,14.838272,b,2.8358025,2.8641975,2.3259259,0.0,6.8123457,1e-12
2913,338,Amandes effilees,c,2715.0,4.0,4.0,11.0,24.0,0.004,6.0,16.353086,b,-1.7763568e-15,1.3345679,1.4518519,2.6802469,6.8123457,4.0740741
4085,339,Pomme rhubarbe,a,301.0,0.0,16.0,,0.0,0.0,-2.0,12.323457,c,2.908642,4.5975309,0.74320988,0.0,0.0,4.0740741
2095,340,Chocolat poule chocolat lait Bio,e,2347.0,23.0,51.0,2.8,6.2,0.08,25.0,10.090123,c,-8.8817842e-16,0.0,0.0,1.8160494,5.5691358,2.7049383
5307,341,Bouchees Aperitives au Lard Fume Emmental,e,1456.0,14.0,0.0,1.0,22.0,0.76,21.0,14.323457,b,1.5975309,1.3345679,2.762963,1.8160494,6.8123457,0.0
3022,342,Riche en Omega 3,c,2038.0,14.0,0.14,,0.0,0.144,10.0,6.3654321,d,0.0,1.3345679,2.3259259,0.0,0.0,2.7049383
4315,343,Bleu d'Auvergne,e,1418.0,20.0,0.5,,19.0,1.16,19.0,10.517284,c,1.5975309,0.0,2.3259259,0.0,6.5938272,1e-12
5354,344,Terrine de faisan sauvage,e,1015.0,8.0,1.5,,14.0,0.88,19.0,12.085185,c,2.8358025,1.3345679,1.8987654,0.0,6.0160494,1e-12
704,345,MINT'S,d,975.0,0.0,97.0,0.0,0.0,0.0,12.0,11.507407,c,2.8358025,4.5975309,0.0,0.0,0.0,4.0740741
1502,346,Nectar Multifruits,e,192.0,0.0,11.0,0.0,0.1,0.0,15.0,12.323457,c,2.908642,4.5975309,0.74320988,0.0,0.0,4.0740741
249,347,Printaniere De Legumes,a,91.6,0.0,0.96,1.32,0.92,0.0048,-1.0,18.771605,a,3.2,4.5975309,1.8987654,1.8160494,3.1851852,4.0740741
2027,348,The vert agrumes,b,17.0,0.0,0.0,0.0,0.0,0.0,1.0,14.634568,b,3.2,4.5975309,2.762963,0.0,0.0,4.0740741
4856,349,"Colin d'Alaska a  la Parisienne, Surgele",b,363.0,2.8,0.5,0.6,8.6,0.312,1.0,16.217284,b,2.908642,1.9950617,2.3259259,1.1555556,6.0160494,1.8160494
2991,350,Jus d'ananas a  base de concentre,c,186.0,0.0,11.0,,0.0,0.0,5.0,12.323457,c,2.908642,4.5975309,0.74320988,0.0,0.0,4.0740741
1906,351,Muesli croustillant aux 6 fruits secs,d,1870.0,8.4,26.0,5.9,6.9,0.0,13.0,13.502469,b,0.55308642,1.3345679,0.0,1.9716049,5.5691358,4.0740741
4812,352,Carrefour Crunchy Muesli croustillant 5 Fruits secs,d,1918.0,11.0,22.0,5.7,7.6,0.184,16.0,12.954321,c,0.55308642,1.3345679,0.37407407,1.9716049,6.0160494,2.7049383
2068,353,Guacamole,c,874.0,4.1,0.6,2.7,1.7,0.28,6.0,14.406173,b,2.8358025,1.3345679,1.8987654,1.8160494,4.7049383,1.8160494
2553,354,Crevettes Legumes et duo Avoine Boulgour,a,435.0,0.9,1.9,3.0,6.4,0.24,-3.0,18.417284,a,2.908642,3.5197531,1.8987654,1.8160494,5.5691358,2.7049383
5566,355,Carrefour Tube Fromage,d,2218.0,2.7,5.2,2.4,7.5,1.12,17.0,11.279012,c,0.0,1.9950617,1.4518519,1.8160494,6.0160494,1e-12
468,356,Chocolat au lait noisettes entieres,e,2414.0,15.0,43.0,,8.9,0.076,26.0,10.055556,c,0.0,1.3345679,0.0,0.0,6.0160494,2.7049383
536,357,Sans sucres ajoutes* *Contient des sucres naturellement presents,a,264.0,0.2,11.0,2.0,0.0,0.0,-5.0,13.712346,b,2.908642,4.1703704,0.74320988,1.8160494,0.0,4.0740741
743,358,Terrine de campagne,e,1414.0,12.0,1.6,,15.0,0.6,20.0,12.323457,c,1.5975309,1.3345679,1.8987654,0.0,6.0160494,1.4765432
3738,359,Parmentier de canard,a,496.0,2.7,0.9,1.0,7.9,0.14,-1.0,17.339506,a,2.908642,1.9950617,1.8987654,1.8160494,6.0160494,2.7049383
2802,360,Jambon cuit superieur avec couenne,d,615.0,3.0,0.7,,20.0,0.92,13.0,13.396296,b,2.908642,1.9950617,1.8987654,0.0,6.5938272,1e-12
193,361,Yaourt chocolat soja,b,473.0,0.6,15.0,1.7,3.5,0.04,1.0,17.980247,a,2.908642,3.7333333,0.74320988,1.8160494,4.7049383,4.0740741
2161,362,Le petit beurre  tablette chocolat lait  coeur au lait,e,2155.0,16.0,43.0,1.9,6.3,0.16,25.0,11.424691,c,0.0,1.3345679,0.0,1.8160494,5.5691358,2.7049383
2696,363,Ravioli aux legumes,b,360.0,0.3,2.2,2.2,2.9,0.36,1.0,17.314815,a,2.908642,4.1703704,1.8987654,1.8160494,4.7049383,1.8160494
3183,364,Choucroute cuite garnie,c,519.0,3.6,0.6,2.1,5.2,0.56,5.0,14.8,b,2.908642,1.9950617,1.8987654,1.8160494,4.7049383,1.4765432
5480,365,Cocktail d'Olives,c,708.0,2.8,1.6,4.0,2.3,1.9304,4.0,13.328395,b,2.8358025,1.9950617,1.8987654,1.8938272,4.7049383,0.0
1751,366,Panes a  la  Normande,c,827.0,2.5,1.1,1.5,11.0,0.52,3.0,16.377778,b,2.8358025,1.9950617,1.8987654,1.8160494,6.0160494,1.8160494
4773,367,Yaourt bifidus vanille,b,393.0,1.9,12.0,0.0,3.3,0.04,2.0,15.295062,b,2.908642,2.8641975,0.74320988,0.0,4.7049383,4.0740741
4930,368,,,,,,,,,,16.217284,b,0.0,0.0,0.0,0.0,0.0,0.0
2234,369,Pomme de terre,a,4.0,1.0,1.0,,1.0,0.4,-1.0,13.619753,b,3.2,3.5197531,1.8987654,0.0,3.1851852,1.8160494
5374,370,Des de Comte,d,1784.0,23.0,0.5,1.2,27.0,0.36,12.0,13.323457,b,0.55308642,0.0,2.3259259,1.8160494,6.8123457,1.8160494
1011,371,Boisson au soja,a,213.0,0.4,3.6,0.6,3.7,0.036,-2.0,18.465432,a,2.908642,4.1703704,1.4518519,1.1555556,4.7049383,4.0740741
3649,372,Nouilles legumes poulet curry vert,a,495.0,0.4,0.9,1.6,7.6,0.3,-1.0,18.625926,a,2.908642,4.1703704,1.8987654,1.8160494,6.0160494,1.8160494
2857,373,"Chavignol Fermier, Au Lait Cru",d,1523.0,21.0,1.33,,22.0,0.56,15.0,11.785185,c,1.5975309,0.0,1.8987654,0.0,6.8123457,1.4765432
4698,374,Emmental bio au lait cru,d,1636.0,19.0,0.8,,29.0,0.2,11.0,13.01358,b,1.5975309,0.0,1.8987654,0.0,6.8123457,2.7049383
3024,375,Tomme des pyrenees,d,1435.0,19.0,0.0,0.0,20.0,0.7,16.0,12.192593,c,1.5975309,0.0,2.762963,0.0,6.5938272,1.2382716
229,376,Extra fun,d,1419.0,0.5,55.0,0.6,4.2,0.244,16.0,13.896296,b,1.5975309,3.7333333,0.0,1.1555556,4.7049383,2.7049383
1166,377,3 kits charlotte  ronds,d,1476.0,1.7,42.0,1.6,8.3,0.24,15.0,15.05679,b,1.5975309,2.9222222,0.0,1.8160494,6.0160494,2.7049383
1593,378,Rillettes de Saumon,b,753.0,1.7,0.8,0.0,14.0,0.4,2.0,15.488889,b,2.8358025,2.9222222,1.8987654,0.0,6.0160494,1.8160494
2582,379,Rape de lardons fumes,d,814.0,4.9,0.5,0.5,21.0,1.28,16.0,13.090123,b,2.8358025,1.3345679,2.3259259,-1e-12,6.5938272,0.0
3976,380,Bacon fume,d,510.0,1.6,0.5,,21.0,1.2,12.0,14.750617,b,2.908642,2.9222222,2.3259259,0.0,6.5938272,1e-12
2427,381,Amandes cacaotees saveur tiramisu,e,2367.0,15.0,38.0,4.6,12.0,0.076,21.0,11.949383,c,0.0,1.3345679,0.0,1.8938272,6.0160494,2.7049383
5457,382,Jambon sec qualite superieure,e,1100.0,6.5,0.5,,27.0,1.92,19.0,12.07037,c,1.5975309,1.3345679,2.3259259,0.0,6.8123457,0.0
4950,383,Lasagnes a  garnir,a,1494.0,0.5,2.2,3.3,12.0,0.004,-4.0,19.135802,a,1.5975309,3.7333333,1.8987654,1.8160494,6.0160494,4.0740741
2560,384,"Thon basquaise, legumes et riz complet bio",a,431.0,0.3,1.9,3.5,7.1,0.36,-3.0,18.179012,a,2.908642,4.1703704,1.8987654,1.8160494,5.5691358,1.8160494
3207,385,Flocons d'avoine,a,1566.0,1.3,0.7,10.0,14.0,0.004,-5.0,19.188889,a,1.5975309,2.9222222,1.8987654,2.6802469,6.0160494,4.0740741
4096,386,Noix du Bresil,d,2941.0,16.0,2.2,,16.0,0.004,18.0,13.323457,b,-8.8817842e-16,1.3345679,1.8987654,0.0,6.0160494,4.0740741
1064,387,Panache Specialite de fruits et compotes allegees en sucres*,a,287.0,0.2,14.0,1.3,0.01,0.004,-3.0,13.712346,b,2.908642,4.1703704,0.74320988,1.8160494,0.0,4.0740741
2554,388,Biscottes multicereales,c,1705.0,1.2,4.0,7.5,14.0,0.68,8.0,15.280247,b,0.73333333,2.9222222,1.4518519,2.6802469,6.0160494,1.4765432
57,389,Veloute au Potiron,b,154.0,1.1,2.3,1.3,0.0,0.228,1.0,12.848148,c,2.908642,3.5197531,1.8987654,1.8160494,0.0,2.7049383
5462,390,Mascarpone Bio (36% MG) Cremeux,d,1463.0,25.0,3.0,0.0,5.8,0.03048,11.0,13.008642,b,1.5975309,0.0,1.8987654,0.0,5.4382716,4.0740741
1515,391,Filets de morue salee,d,238.0,2.0,2.0,,13.0,1.6,11.0,13.687654,b,2.908642,2.8641975,1.8987654,0.0,6.0160494,0.0
1598,392,Carrefour La pizza 4 fromages,d,1074.0,5.6,1.6,1.8,12.0,0.48,12.0,14.479012,b,1.5975309,1.3345679,1.8987654,1.8160494,6.0160494,1.8160494
1841,393,Saumon rose du Pacifique  4 portions de filets,a,429.0,0.4,0.5,0.5,21.0,0.068,-4.0,18.703704,a,2.908642,4.1703704,2.3259259,-1e-12,6.5938272,2.7049383
4965,394,Veloute 7 Legumes Bio,b,126.0,0.2,1.1,1.5,0.5,0.256,1.0,13.498765,b,2.908642,4.1703704,1.8987654,1.8160494,0.0,2.7049383
3781,395,10 Burgers Haches au boeuf*,c,874.0,6.2,1.1,2.5,14.0,0.44,10.0,15.717284,b,2.8358025,1.3345679,1.8987654,1.8160494,6.0160494,1.8160494
373,396,100% Pur Fruit Presse Jus de Pomme Biologique,c,181.0,0.0,10.0,,0.0,0.0,4.0,12.323457,c,2.908642,4.5975309,0.74320988,0.0,0.0,4.0740741
3619,397,Dessert Chocolat,e,2107.0,16.0,55.0,6.7,6.2,0.008,21.0,12.949383,c,0.0,1.3345679,0.0,1.9716049,5.5691358,4.0740741
4509,398,Quart de Jambon Sec Superieur,e,1179.0,8.0,1.0,0.0,27.0,2.2,20.0,11.64321,c,1.5975309,1.3345679,1.8987654,0.0,6.8123457,0.0
1681,399,Carrefour Panettone Classic,d,1548.0,7.5,29.0,2.5,6.7,0.176,16.0,13.022222,b,1.5975309,1.3345679,0.0,1.8160494,5.5691358,2.7049383
1110,400,Pain De Mie Nature,b,1106.0,0.4,5.8,2.9,7.4,0.52,2.0,16.420988,b,1.5975309,4.1703704,1.4518519,1.8160494,5.5691358,1.8160494
4974,401,Petits fromages frais de chevre Nature Bio Carrefour,c,841.0,11.0,2.2,0.5,13.0,0.32,10.0,13.901235,b,2.8358025,1.3345679,1.8987654,-1e-12,6.0160494,1.8160494
1949,402,Filets d'anchois,c,678.0,1.6,0.4,0.5,20.0,0.72,5.0,15.916049,b,2.8358025,2.9222222,2.3259259,-1e-12,6.5938272,1.2382716
168,403,Lasagnes bolognaise,c,556.0,2.4,2.7,,4.8,0.24,3.0,15.081481,b,2.908642,2.8641975,1.8987654,0.0,4.7049383,2.7049383
270,404,Veloute legumes saveur du Sud,b,142.0,0.4,2.3,1.7,0.5,0.22,1.0,13.498765,b,2.908642,4.1703704,1.8987654,1.8160494,0.0,2.7049383
3727,405,Pasta sauce,c,228.0,0.2,5.5,1.4,0.9,0.352,3.0,15.348148,b,2.908642,4.1703704,1.4518519,1.8160494,3.1851852,1.8160494
452,406,Croque Monsieur Jambon Fomage,d,1199.0,7.1,2.3,1.9,12.0,0.679999991,16.0,14.139506,b,1.5975309,1.3345679,1.8987654,1.8160494,6.0160494,1.4765432
1704,407,Torti Surimi et Touche d'Estragon,a,952.0,1.9,3.0,1.3,4.5,0.296,-2.0,15.935802,b,2.8358025,2.8641975,1.8987654,1.8160494,4.7049383,1.8160494
4817,408,Caramel a  Tartiner au Beurre Sale,e,1799.0,11.0,62.0,0.0,0.6,0.112,26.0,4.5925926,e,0.55308642,1.3345679,0.0,0.0,0.0,2.7049383
588,409,Lait Demi-ecreme Sterilise UHT,b,197.0,1.0,4.8,0.0,3.2,0.04,0.0,16.659259,b,2.908642,3.5197531,1.4518519,0.0,4.7049383,4.0740741
4379,410,Douceur aux abricots confiture,c,920.0,0.0,52.0,,0.0,0.0,7.0,11.507407,c,2.8358025,4.5975309,0.0,0.0,0.0,4.0740741
2212,411,Pate de campagne superieur a  l'ancienne,e,1414.0,12.0,1.6,,15.0,0.6,20.0,12.323457,c,1.5975309,1.3345679,1.8987654,0.0,6.0160494,1.4765432
4334,412,Fromages rapes special pates,d,1372.0,16.0,1.0,,27.0,0.34,12.0,13.459259,b,1.5975309,1.3345679,1.8987654,0.0,6.8123457,1.8160494
2546,413,Mayonnaise aux oeufs,d,2745.0,5.7,1.2,,0.9,0.4,17.0,8.2345679,d,0.0,1.3345679,1.8987654,0.0,3.1851852,1.8160494
3806,414,Chocolate  Negro,e,2265.0,21.0,43.0,6.7,7.1,0.036,20.0,11.614815,c,0.0,0.0,0.0,1.9716049,5.5691358,4.0740741
3558,415,La creme au caramel,d,832.0,6.4,18.0,0.0,4.1,0.052,11.0,13.692593,b,2.8358025,1.3345679,0.74320988,0.0,4.7049383,4.0740741
5175,416,Chips craquantes gout Creme Oignon,d,2265.0,3.1,2.0,4.5,6.1,0.559816,11.0,12.702469,c,0.0,1.9950617,1.8987654,1.8938272,5.4382716,1.4765432
4227,417,Beurre de baratte doux,e,3109.0,53.0,0.6,,0.7,0.012,19.0,5.9728395,d,0.0,0.0,1.8987654,0.0,0.0,4.0740741
3243,418,Mini Cups,c,658.0,5.6,21.0,0.9,1.4,0.048,10.0,15.139506,b,2.8358025,1.3345679,0.37407407,1.8160494,4.7049383,4.0740741
3444,419,Patatas Fritas,a,515.0,0.3,0.5,2.6,2.2,0.02,-2.0,20.0,a,2.908642,4.1703704,2.3259259,1.8160494,4.7049383,4.0740741
2434,420,Briochon poulet cheddar et sauce au curry,d,1193.0,7.8,4.5,1.7,13.0,0.64,16.0,13.692593,b,1.5975309,1.3345679,1.4518519,1.8160494,6.0160494,1.4765432
376,421,Pain de mie Grandes Tranches,a,1057.0,0.5,6.0,6.5,8.4,0.44,-2.0,17.246914,a,2.2580247,3.7333333,1.4518519,1.9716049,6.0160494,1.8160494
4600,422,Confiture d'abricot,d,1021.0,0.0,60.0,,0.0,0.0,12.0,11.507407,c,2.8358025,4.5975309,0.0,0.0,0.0,4.0740741
3942,423,Olives vertes piquantes,c,590.0,2.1,0.0,3.2,1.3,1.2,10.0,13.537037,b,2.908642,2.8641975,2.762963,1.8160494,3.1851852,1e-12
2034,424,Haricots Plats Coupes 1 Kilo,a,121.0,0.0,1.8,1.7,1.7,0.008,-7.0,20.0,a,2.908642,4.5975309,1.8987654,1.8160494,4.7049383,4.0740741
4388,425,Sticks de the saveur citron,b,0.0,0.0,0.0,0.0,0.0,0.0,0.0,16.217284,b,4.782716,4.5975309,2.762963,0.0,0.0,4.0740741
199,426,Buche De Chevre,d,1213.0,16.0,0.0,0.0,20.0,0.68,15.0,13.765432,b,1.5975309,1.3345679,2.762963,0.0,6.5938272,1.4765432
5329,427,Boisson soja Saveur vanille,a,209.0,0.3,4.5,0.6,3.2,0.04,-1.0,18.465432,a,2.908642,4.1703704,1.4518519,1.1555556,4.7049383,4.0740741
2635,428,oufs pralineaux eclats de noisettes caramelises,e,2288.0,17.0,56.0,2.3,5.7,0.064,24.0,9.9592593,c,0.0,0.0,0.0,1.8160494,5.4382716,2.7049383
3033,429,Steaks haches Bio,c,879.0,6.5,0.0,0.0,19.0,0.084,3.0,16.232099,b,2.8358025,1.3345679,2.762963,0.0,6.5938272,2.7049383
5136,430,Confit de cuisse de Canard (x 1),d,1000.0,4.7,0.0,0.5,22.0,0.48,11.0,15.561728,b,2.8358025,1.3345679,2.762963,-1e-12,6.8123457,1.8160494
3522,431,Papillotes Chocolat au Lait,e,2302.0,16.0,52.0,3.0,7.0,0.036,23.0,12.793827,c,0.0,1.3345679,0.0,1.8160494,5.5691358,4.0740741
4208,432,Choco Ballz,d,1611.0,1.1,28.0,0.0,8.2,0.192,13.0,13.838272,b,1.5975309,3.5197531,0.0,0.0,6.0160494,2.7049383
2207,433,Pizza jambon fromage,d,979.0,3.8,2.3,2.2,13.0,0.76,11.0,14.561728,b,2.8358025,1.9950617,1.8987654,1.8160494,6.0160494,0.0
3779,434,Foie gras de canard entier du sud-ouest,e,2162.0,22.0,0.8,,8.2,0.364,20.0,9.7308642,c,-2.220446e-16,0.0,1.8987654,0.0,6.0160494,1.8160494
1106,435,Limonade,e,126.0,0.0,7.4,0.5,0.1,0.004,10.0,13.032099,b,2.908642,4.5975309,1.4518519,-1e-12,0.0,4.0740741
927,436,Creme fraiche epaisse,d,1218.0,18.0,2.9,,2.4,0.028,13.0,12.275309,c,1.5975309,0.0,1.8987654,0.0,4.7049383,4.0740741
5348,437,Marbres au chocolat,d,1818.0,2.9,25.0,2.1,5.9,0.39624,14.0,11.618519,c,0.55308642,1.9950617,0.0,1.8160494,5.4382716,1.8160494
1707,438,Frites Allumettes,a,576.0,0.5,0.0,2.1,2.4,0.036,-2.0,20.0,a,2.908642,3.7333333,2.762963,1.8160494,4.7049383,4.0740741
3285,439,Toasts brioches,b,1252.0,0.8,11.0,3.0,8.0,0.44,2.0,15.508642,b,1.5975309,3.5197531,0.74320988,1.8160494,6.0160494,1.8160494
407,440,Boisson Douceur d'Amande,b,106.0,0.2,0.5,0.5,0.7,0.04,0.0,13.479012,b,2.908642,4.1703704,2.3259259,-1e-12,0.0,4.0740741
4679,441,Petit brie,d,1569.0,23.0,1.0,1.2,18.0,0.52,13.0,13.144444,b,1.5975309,0.0,1.8987654,1.8160494,6.0160494,1.8160494
4865,442,Calendrier de l'Avent Kids,e,2279.0,17.0,57.0,1.7,5.6,0.072,25.0,9.9592593,c,0.0,0.0,0.0,1.8160494,5.4382716,2.7049383
4995,443,Citron specialite a  diluer,c,59.0,0.0,1.3,,0.0,0.0,3.0,13.77037,b,3.2,4.5975309,1.8987654,0.0,0.0,4.0740741
1082,444,Thon crudites oeuf Baguette viennoise,a,944.0,0.7,3.5,2.3,10.0,0.356,-2.0,17.455556,a,2.8358025,3.5197531,1.4518519,1.8160494,6.0160494,1.8160494
417,445,Chips Classic,c,2263.0,3.1,0.5,5.5,5.5,0.44,8.0,13.469136,b,0.0,1.9950617,2.3259259,1.8938272,5.4382716,1.8160494
2578,446,Assortiment 18 macarons,e,1782.0,4.9,50.2,,9.5,0.08,19.0,10.608642,c,0.55308642,1.3345679,0.0,0.0,6.0160494,2.7049383
1875,447,Noir chocolat dessert,e,2152.0,19.0,44.0,9.6,6.3,0.032,20.0,12.323457,c,0.0,0.0,0.0,2.6802469,5.5691358,4.0740741
2049,448,"Ratatouille cuisinee a  l'huile d'olive vierge extra 3,2% Bio",a,264.0,0.6,3.6,2.1,1.1,0.34,-4.0,14.911111,b,2.908642,3.7333333,1.4518519,1.8160494,3.1851852,1.8160494
4941,449,betteraves rouges cuites et epluchees,a,180.0,0.0,6.7,2.3,2.3,0.056,-7.0,19.553086,a,2.908642,4.5975309,1.4518519,1.8160494,4.7049383,4.0740741
4871,450,sauce burger,e,2251.0,4.2,14.0,0.7,1.4,0.84,22.0,7.9382716,d,0.0,1.3345679,0.74320988,1.1555556,4.7049383,1e-12
1387,451,Pia±a,a,286.0,0.0,13.0,0.9,0.5,0.012,-3.0,14.139506,b,2.908642,4.5975309,0.74320988,1.8160494,0.0,4.0740741
222,452,Paris'Gom,d,1393.0,0.0,60.0,,4.6,0.012,14.0,14.974074,b,1.5975309,4.5975309,0.0,0.0,4.7049383,4.0740741
1871,453,Gousses d'ail,c,128.0,0.1,1.1,1.3,2.4,2.2,3.0,15.925926,b,2.908642,4.5975309,1.8987654,1.8160494,4.7049383,0.0
1797,454,Rouleau de printemps,c,393.0,0.0,6.0,0.0,1.8,0.68,8.0,15.139506,b,2.908642,4.5975309,1.4518519,0.0,4.7049383,1.4765432
679,455,Fromage Blanc nature,a,204.0,0.0,4.0,,7.5,0.036,-4.0,19.048148,a,2.908642,4.5975309,1.4518519,0.0,6.0160494,4.0740741
279,456,"Ravioli, Pur Boeuf",b,360.0,1.0,1.9,1.8,4.2,0.4,2.0,16.664198,b,2.908642,3.5197531,1.8987654,1.8160494,4.7049383,1.8160494
4230,457,Brioche vendeenne I.G.P.,d,1531.0,9.3,13.0,1.8,7.5,0.44,18.0,13.323457,b,1.5975309,1.3345679,0.74320988,1.8160494,6.0160494,1.8160494
2754,458,Galletas de mantequilla  tableta chocolate blanco,e,2084.0,15.0,41.0,1.5,5.8,0.32,27.0,10.404938,c,0.0,1.3345679,0.0,1.8160494,5.4382716,1.8160494
1149,459,30 Mini feuilletes aperitifs,d,1190.0,9.3,3.0,1.4,6.5,0.4,15.0,14.032099,b,1.5975309,1.3345679,1.8987654,1.8160494,5.5691358,1.8160494
5248,460,Petits Pains Brioches Grilles ,b,1759.0,0.9,6.4,3.6,10.0,0.4,2.0,15.250617,b,0.55308642,3.5197531,1.4518519,1.8938272,6.0160494,1.8160494
1562,461,Salsa de tomate de la abuela,d,816.0,2.1,10.0,,1.9,0.52,11.0,12.964198,c,2.8358025,2.8641975,0.74320988,0.0,4.7049383,1.8160494
1731,462,"8 Eclairs Chocolat, Vanille, Fruit de la passion, Cassis",e,1548.0,12.0,28.0,1.7,5.9,0.2,21.0,12.891358,c,1.5975309,1.3345679,0.0,1.8160494,5.4382716,2.7049383
1955,463,Pistaches grillees,d,2582.0,5.6,7.7,,20.0,0.0,13.0,13.454321,b,0.0,1.3345679,1.4518519,0.0,6.5938272,4.0740741
4399,464,Mini Blinis Cocktail,c,1109.0,1.0,5.6,2.0,5.4,0.52,4.0,14.906173,b,1.5975309,3.5197531,1.4518519,1.8160494,4.7049383,1.8160494
4752,465,Jambon serrano Espagnol,d,903.0,3.9,1.0,,30.0,2.36,15.0,12.881481,c,2.8358025,1.3345679,1.8987654,0.0,6.8123457,0.0
862,466,Fougasse Emmental,d,1255.0,8.1,3.1,,10.0,0.4,15.0,12.662963,c,1.5975309,1.3345679,1.8987654,0.0,6.0160494,1.8160494
1775,467,Tomme de brebis,d,1674.0,25.0,0.1,,22.0,0.64,16.0,11.348148,c,0.73333333,0.0,2.3259259,0.0,6.8123457,1.4765432
1368,468,Yaourts Aux Fruits,c,392.0,1.8,14.0,0.0,3.2,0.04,4.0,15.295062,b,2.908642,2.8641975,0.74320988,0.0,4.7049383,4.0740741
3628,469,"Fromage a  tartiner Noix, aromatise",d,1078.0,17.0,3.0,,6.0,0.48,15.0,10.750617,c,1.5975309,0.0,1.8987654,0.0,5.4382716,1.8160494
3229,470,Rochers lait avec eclats de noisettes,e,2315.0,16.0,50.0,3.4,7.4,0.044,23.0,12.793827,c,0.0,1.3345679,0.0,1.8160494,5.5691358,4.0740741
5174,471,Boisson au riz thai et quinoa Bio,b,259.0,0.1,8.2,0.0,0.9,0.04064,1.0,16.217284,b,2.908642,4.5975309,1.4518519,0.0,3.1851852,4.0740741
3330,472,Penne Ble complet,a,1525.0,0.4,3.0,6.0,13.0,0.0,-6.0,19.728395,a,1.5975309,4.1703704,1.8987654,1.9716049,6.0160494,4.0740741
3731,473,Napolitaine,b,223.0,0.5,5.8,2.5,1.7,0.372,2.0,16.430864,b,2.908642,3.7333333,1.4518519,1.8160494,4.7049383,1.8160494
2208,474,pate feuilletee au beurre carrefour,c,598.0,5.2,0.8,0.5,2.2,0.148,6.0,13.551852,b,2.908642,1.3345679,1.8987654,-1e-12,4.7049383,2.7049383
1769,475,Ba»che glacee Vanille Fruits Rouges,c,630.0,3.7,23.0,1.0,1.2,0.04,8.0,13.979012,b,2.908642,1.9950617,0.0,1.8160494,3.1851852,4.0740741
1454,476,Saucisses jacks Carrefour,d,1123.0,8.9,1.1,0.0,13.0,0.72,18.0,12.085185,c,1.5975309,1.3345679,1.8987654,0.0,6.0160494,1.2382716
5405,477,Saucisses fumees a  griller,d,1071.0,8.1,1.0,,19.0,0.72,18.0,13.323457,b,2.2580247,1.3345679,1.8987654,0.0,6.5938272,1.2382716
2614,478,"Dessert au soja, Saveur chocolat ",b,440.0,0.5,13.0,1.3,3.5,0.072,0.0,16.611111,b,2.908642,3.7333333,0.74320988,1.8160494,4.7049383,2.7049383
3255,479,Allumettes fumees -25% de sel*  *Par rapport a  la moyenne des allumettes de lardons du marche.,d,1018.0,7.5,0.6,,17.0,0.72,17.0,13.323457,b,2.8358025,1.3345679,1.8987654,0.0,6.0160494,1.2382716
1815,480,Gnocchi aux pommes de terre,c,669.0,0.2,0.5,1.9,3.0,0.6,5.0,17.32963,a,2.8358025,4.1703704,2.3259259,1.8160494,4.7049383,1.4765432
5575,481,Pain de mie Complet - Extra moelleux,a,1143.0,0.7,5.5,6.0,9.5,0.439928,-2.0,16.37284,b,1.5975309,3.5197531,1.4518519,1.9716049,6.0160494,1.8160494
1050,482,Yaourt a  boire Ananas Maigre edulcore,a,114.0,0.1,3.2,,2.9,0.052,-1.0,17.737037,a,2.908642,4.5975309,1.4518519,0.0,4.7049383,4.0740741
3709,483,Aperitivo con patata sabor a Pimenton,c,2105.0,2.0,5.3,3.8,4.8,0.6,10.0,12.391358,c,0.0,2.8641975,1.4518519,1.8938272,4.7049383,1.4765432
3817,484,"Melange croquant  Amandes, Noix de cajou, Noisettes, Noix de macadamia & Noix de pecan",c,2657.0,6.5,4.5,8.4,22.0,0.008,8.0,16.353086,b,-8.8817842e-16,1.3345679,1.4518519,2.6802469,6.8123457,4.0740741
5510,485,Poulet Poivrons Grilles Pain de mie complet,b,813.0,0.6,2.8,3.2,9.8,0.6,0.0,17.776543,a,2.8358025,3.7333333,1.8987654,1.8160494,6.0160494,1.4765432
5517,486,Mini pipe (Al dente 6 min),a,1538.0,0.3,3.0,2.5,12.0,0.0,-3.0,19.57284,a,1.5975309,4.1703704,1.8987654,1.8160494,6.0160494,4.0740741
3410,487,Melange 4 huiles,c,3406.0,7.0,0.0,,0.0364,0.0,10.0,8.1716049,d,-8.8817842e-16,1.3345679,2.762963,0.0,0.0,4.0740741
451,488,Creme caramel Lit de caramel,b,560.0,2.0,18.0,1.0,4.3,0.06,2.0,15.741975,b,2.908642,2.8641975,0.74320988,1.8160494,4.7049383,2.7049383
3551,489,Poulet pousses d'epinards sauce curry wrap,b,993.0,2.2,4.0,2.9,7.3,0.4,1.0,16.353086,b,2.8358025,2.8641975,1.4518519,1.8160494,5.5691358,1.8160494
307,490,Coeurs de palmier tendres Carrefour,a,132.0,0.0,1.6,2.2,2.5,0.24,-6.0,18.630864,a,2.908642,4.5975309,1.8987654,1.8160494,4.7049383,2.7049383
1105,491,Les aromatisees,b,4.0,0.0,0.0,0.0,0.0,0.0,1.0,14.634568,b,3.2,4.5975309,2.762963,0.0,0.0,4.0740741
104,492,Jambon superieur au torchon,c,456.0,0.7,0.8,,22.0,0.76,4.0,15.139506,b,2.908642,3.5197531,1.8987654,0.0,6.8123457,0.0
2067,493,P'tit dej,d,1908.0,8.0,26.0,5.5,8.0,0.24,14.0,12.502469,c,0.55308642,1.3345679,0.0,1.8938272,6.0160494,2.7049383
828,494,8 galettes de riz nappees de chocolat noir Bio Carrefour,d,2004.0,14.0,22.0,6.3,6.8,0.0,14.0,13.323457,b,0.0,1.3345679,0.37407407,1.9716049,5.5691358,4.0740741
5487,495,Huile d'olive vierge bio,c,3404.0,15.6,0.0,0.0,0.0,0.0,7.0,8.1716049,d,0.0,1.3345679,2.762963,0.0,0.0,4.0740741
1944,496,Bechamel a  la noix de muscade,c,414.0,1.5,2.2,,1.5,0.38,6.0,14.250617,b,2.908642,2.9222222,1.8987654,0.0,4.7049383,1.8160494
5010,497,Nouilles Chinoises a  la farine de ble tendre (recette chinoise),b,1498.0,0.7,3.5,2.5,13.0,0.36,0.0,16.217284,b,1.5975309,3.5197531,1.4518519,1.8160494,6.0160494,1.8160494
340,498,Queues de gambas sauvages,a,318.0,1.0,0.0,,16.0,0.164,-4.0,17.912346,a,2.908642,3.5197531,2.762963,0.0,6.0160494,2.7049383
2221,499,Filet d'anchois roules aux capres a  l'huile d'olive,d,741.0,1.2,0.5,,26.0,5.68,13.0,14.896296,b,2.8358025,2.9222222,2.3259259,0.0,6.8123457,0.0
